date,avgtemp,humidity,wind_speed,meanpressure
2013-01-01,10.0,84.5,0.0,10.156.666.666.666.600
2013-01-02,7.4,92.0,2.98,1017.8
2013-01-03,7.166.666.666.666.660,87.0,4.633.333.333.333.330,10.186.666.666.666.600
2013-01-04,8.666.666.666.666.660,7.133.333.333.333.330,12.333.333.333.333.300,10.171.666.666.666.600
2013-01-05,6.0,8.683.333.333.333.330,36.999.999.999.999.900,1016.5
2013-01-06,7.0,82.8,1.48,1018.0
2013-01-07,7.0,78.6,6.3,1020.0
2013-01-08,8.857.142.857.142.850,63.714.285.714.285.700,7.142.857.142.857.140,10.187.142.857.142.800
2013-01-09,14.0,51.25,12.5,1017.0
2013-01-10,11.0,62.0,73.999.999.999.999.900,10.156.666.666.666.600
2013-01-11,15.714.285.714.285.700,51.285.714.285.714.200,10.571.428.571.428.500,10.161.428.571.428.500
2013-01-12,14.0,74.0,13.228.571.428.571.400,10.155.714.285.714.200
2013-01-13,15.833.333.333.333.300,7.516.666.666.666.660,4.633.333.333.333.330,10.133.333.333.333.300
2013-01-14,12.833.333.333.333.300,8.816.666.666.666.660,6.166.666.666.666.660,10.151.666.666.666.600
2013-01-15,14.714.285.714.285.700,7.185.714.285.714.280,5.285.714.285.714.280,10.158.571.428.571.400
2013-01-16,13.833.333.333.333.300,8.666.666.666.666.660,0.0,10.166.666.666.666.600
2013-01-17,16.5,8.083.333.333.333.330,5.250.000.000.000.000,10.158.333.333.333.300
2013-01-18,13.833.333.333.333.300,9.216.666.666.666.660,8.950.000.000.000.000,1014.5
2013-01-19,12.5,7.666.666.666.666.660,5.883.333.333.333.330,10.216.666.666.666.600
2013-01-20,11.285.714.285.714.200,7.528.571.428.571.420,8.471.428.571.428.570,10.202.857.142.857.100
2013-01-21,11.2,77.0,2.22,1021.0
2013-01-22,9.5,7.966.666.666.666.660,30.833.333.333.333.300,1021.8
2013-01-23,14.0,60.166.666.666.666.600,4.016.666.666.666.660,1020.5
2013-01-24,13.833.333.333.333.300,60.666.666.666.666.600,6.166.666.666.666.660,1020.5
2013-01-25,12.25,67.0,5.55,1020.75
2013-01-26,12.666.666.666.666.600,6.416.666.666.666.660,6.800.000.000.000.000,10.196.666.666.666.600
2013-01-27,12.857.142.857.142.800,6.557.142.857.142.850,5.557.142.857.142.850,10.181.428.571.428.500
2013-01-28,14.833.333.333.333.300,56.0,36.999.999.999.999.900,10.178.333.333.333.300
2013-01-29,14.125,65.5,3.2375,1.016.625
2013-01-30,14.714.285.714.285.700,7.042.857.142.857.140,10.571.428.571.428.500,10.178.571.428.571.400
2013-01-31,16.2,65.6,2.96,1018.4
2013-02-01,16.0,73.0,2.22,1016.0
2013-02-02,16.285.714.285.714.200,7.757.142.857.142.850,13.285.714.285.714.200,10.171.428.571.428.500
2013-02-03,18.0,6.557.142.857.142.850,18.571.428.571.428.500,10.152.857.142.857.100
2013-02-04,17.428.571.428.571.400,7.428.571.428.571.420,11.114.285.714.285.700,10.145.714.285.714.200
2013-02-05,16.625,92.375,9.725.000.000.000.000,1.016.375
2013-02-06,16.666.666.666.666.600,7.133.333.333.333.330,8.633.333.333.333.330,10.186.666.666.666.600
2013-02-07,15.6,59.4,10.74,1018.6
2013-02-08,14.0,7.042.857.142.857.140,9.257.142.857.142.850,10.171.428.571.428.500
2013-02-09,15.428.571.428.571.400,61.285.714.285.714.200,9.257.142.857.142.850,10.168.571.428.571.400
2013-02-10,15.25,71.5,34.749.999.999.999.900,1.017.125
2013-02-11,15.875,70.5,5.325,1016.5
2013-02-12,15.333.333.333.333.300,7.033.333.333.333.330,7.416.666.666.666.660,1017.5
2013-02-13,16.285.714.285.714.200,7.014.285.714.285.710,6.085.714.285.714.280,1016.0
2013-02-14,17.333.333.333.333.300,63.833.333.333.333.300,4.333.333.333.333.330,10.141.666.666.666.600
2013-02-15,19.166.666.666.666.600,6.533.333.333.333.330,10.183.333.333.333.300,10.116.666.666.666.600
2013-02-16,14.428.571.428.571.400,9.271.428.571.428.570,8.485.714.285.714.280,1008.0
2013-02-17,13.666.666.666.666.600,90.0,0.0,10.126.666.666.666.600
2013-02-18,15.6,78.4,12.220.000.000.000.000,1016.2
2013-02-19,15.857.142.857.142.800,82.0,5.814.285.714.285.710,10.157.142.857.142.800
2013-02-20,17.714.285.714.285.700,7.471.428.571.428.570,5.814.285.714.285.710,1017.0
2013-02-21,20.0,6.728.571.428.571.420,6.614.285.714.285.710,10.154.285.714.285.700
2013-02-22,20.5,65.625,10.875.000.000.000.000,1016.0
2013-02-23,17.428.571.428.571.400,7.485.714.285.714.280,9.257.142.857.142.850,1017.0
2013-02-24,16.857.142.857.142.800,7.885.714.285.714.280,7.400.000.000.000.000,10.188.571.428.571.400
2013-02-25,16.875,72.875,4.6375,1018.25
2013-02-26,17.857.142.857.142.800,70.0,17.587.500.000.000.000,10.151.428.571.428.500
2013-02-27,20.8,57.2,6.660.000.000.000.000,1015.2
2013-02-28,19.428.571.428.571.400,52.857.142.857.142.800,12.957.142.857.142.800,10.174.285.714.285.700
2013-03-01,17.333.333.333.333.300,49.333.333.333.333.300,24.066.666.666.666.600,10.163.333.333.333.300
2013-03-02,19.0,54.0,15.725,1016.25
2013-03-03,19.333.333.333.333.300,62.833.333.333.333.300,8.633.333.333.333.330,10.161.666.666.666.600
2013-03-04,17.6,71.0,55.600.000.000.000.000,1015.8
2013-03-05,20.875,61.875,41.625.000.000.000.000,1.016.375
2013-03-06,20.857.142.857.142.800,6.528.571.428.571.420,6.871.428.571.428.570,10.157.142.857.142.800
2013-03-07,23.428.571.428.571.400,57.142.857.142.857.100,8.728.571.428.571.420,10.152.857.142.857.100
2013-03-08,24.166.666.666.666.600,44.833.333.333.333.300,71.000.000.000.000.000,10.148.333.333.333.300
2013-03-09,25.428.571.428.571.400,49.714.285.714.285.700,5.285.714.285.714.280,10.092.857.142.857.100
2013-03-10,23.142.857.142.857.100,5.757.142.857.142.850,4.228.571.428.571.420,1008.0
2013-03-11,24.0,6.633.333.333.333.330,9.333.333.333.333.330,10.111.666.666.666.600
2013-03-12,23.5,62.5,4.933.333.333.333.330,1011.5
2013-03-13,21.5,70.5,5.55,1009.0
2013-03-14,22.333.333.333.333.300,61.166.666.666.666.600,12.033.333.333.333.300,10.131.666.666.666.600
2013-03-15,24.166.666.666.666.600,45.833.333.333.333.300,7.716.666.666.666.660,10.161.666.666.666.600
2013-03-16,20.333.333.333.333.300,6.766.666.666.666.660,36.999.999.999.999.900,10.161.666.666.666.600
2013-03-17,22.666.666.666.666.600,58.666.666.666.666.600,8.95,1015.0
2013-03-18,23.428.571.428.571.400,58.142.857.142.857.100,17.457.142.857.142.800,10.094.285.714.285.700
2013-03-19,22.5,7.366.666.666.666.660,10.483.333.333.333.300,1011.0
2013-03-20,29.166.666.666.666.600,36.333.333.333.333.300,6.800.000.000.000.000,1009.5
2013-03-21,23.833.333.333.333.300,58.5,10.5,10.083.333.333.333.300
2013-03-22,25.25,50.25,9.7125,1.006.375
2013-03-23,27.375,50.125,9.950.000.000.000.000,1.007.625
2013-03-24,27.0,48.75,10.8875,1010.25
2013-03-25,23.5,45.5,15.962.499.999.999.900,1.010.625
2013-03-26,24.142.857.142.857.100,4.457.142.857.142.850,12.957.142.857.142.800,10.088.571.428.571.400
2013-03-27,21.0,62.0,1.85,1009.0
2013-03-28,22.428.571.428.571.400,62.714.285.714.285.700,74.142.857.142.857.100,10.095.714.285.714.200
2013-03-29,21.25,70.375,5.550.000.000.000.000,1009.75
2013-03-30,23.5,54.75,11.112.499.999.999.900,1.008.625
2013-03-31,23.2,58.0,6.660.000.000.000.000,1008.6
2013-04-01,25.375,45.5,4.4,1008.5
2013-04-02,25.166.666.666.666.600,51.0,8.65,1009.5
2013-04-03,26.2,45.6,8.14,1009.0
2013-04-04,24.6,41.8,11.120.000.000.000.000,1007.8
2013-04-05,25.6,31.0,15.559.999.999.999.900,1007.0
2013-04-06,25.857.142.857.142.800,29.857.142.857.142.800,11.900.000.000.000.000,10.061.428.571.428.500
2013-04-07,29.142.857.142.857.100,23.285.714.285.714.200,10.314.285.714.285.700,1005.0
2013-04-08,28.714.285.714.285.700,33.857.142.857.142.800,5.3,1006.0
2013-04-09,30.166.666.666.666.600,30.5,8.65,10.053.333.333.333.300
2013-04-10,30.0,28.0,6.1,10.067.142.857.142.800
2013-04-11,30.0,24.2,7.780.000.000.000.000,1006.4
2013-04-12,28.857.142.857.142.800,3.257.142.857.142.850,6.342.857.142.857.140,10.075.714.285.714.200
2013-04-13,30.2,29.2,10.000.000.000.000.000,1008.4
2013-04-14,28.25,39.375,6.487.499.999.999.990,1007.0
2013-04-15,28.25,41.375,6.25,1.003.875
2013-04-16,32.125,24.625,10.424.999.999.999.900,1000.0
2013-04-17,29.2,24.2,6.659.999.999.999.990,1002.2
2013-04-18,30.285.714.285.714.200,30.285.714.285.714.200,4.757.142.857.142.850,10.028.571.428.571.400
2013-04-19,28.285.714.285.714.200,31.285.714.285.714.200,3.971.428.571.428.570,10.025.714.285.714.200
2013-04-20,30.625,29.0,7.6375,1.003.375
2013-04-21,27.666.666.666.666.600,38.666.666.666.666.600,13.883.333.333.333.300,10.068.333.333.333.300
2013-04-22,27.375,45.375,7.650.000.000.000.000,1010.0
2013-04-23,28.625,44.125,4.625.000.000.000.000,1.009.875
2013-04-24,30.285.714.285.714.200,41.714.285.714.285.700,21.142.857.142.857.100,10.085.714.285.714.200
2013-04-25,31.142.857.142.857.100,38.285.714.285.714.200,3.7,10.077.142.857.142.800
2013-04-26,29.875,45.875,6.7125,1.008.375
2013-04-27,31.142.857.142.857.100,31.428.571.428.571.400,13.485.714.285.714.200,1007.0
2013-04-28,30.571.428.571.428.500,28.0,12.971.428.571.428.500,10.054.285.714.285.700
2013-04-29,32.125,26.375,7.875,1.004.875
2013-04-30,31.142.857.142.857.100,32.0,7.928.571.428.571.420,10.048.571.428.571.400
2013-05-01,31.857.142.857.142.800,15.857.142.857.142.800,12.685.714.285.714.200,10.028.333.333.333.300
2013-05-02,29.833.333.333.333.300,22.166.666.666.666.600,11.433.333.333.333.300,1001.2
2013-05-03,28.571.428.571.428.500,31.571.428.571.428.500,9.0,9.994.285.714.285.710
2013-05-04,32.857.142.857.142.800,31.428.571.428.571.400,2.914.285.714.285.710,999.0
2013-05-05,32.625,31.125,3.0125,1.000.625
2013-05-06,32.75,39.25,3.7,1.001.625
2013-05-07,32.875,33.25,7.175.000.000.000.000,1002.0
2013-05-08,34.5,23.0,9.25,10.011.666.666.666.600
2013-05-09,34.285.714.285.714.200,26.0,8.985.714.285.714.280,10.008.571.428.571.400
2013-05-10,34.0,27.714.285.714.285.700,9.528.571.428.571.420,10.001.428.571.428.500
2013-05-11,30.75,30.375,148.125,999.875
2013-05-12,29.857.142.857.142.800,40.142.857.142.857.100,5.828.571.428.571.420,10.037.142.857.142.800
2013-05-13,31.714.285.714.285.700,34.0,39.714.285.714.285.700,10.035.714.285.714.200
2013-05-14,32.285.714.285.714.200,34.285.714.285.714.200,4.771.428.571.428.570,10.015.714.285.714.200
2013-05-15,33.0,33.0,32.375.000.000.000.000,9.998.571.428.571.420
2013-05-16,33.0,34.75,7.175.000.000.000.000,998.5
2013-05-17,32.833.333.333.333.300,28.166.666.666.666.600,9.866.666.666.666.660,10.003.333.333.333.300
2013-05-18,31.4,42.2,12.966.666.666.666.600,999.0
2013-05-19,35.333.333.333.333.300,22.333.333.333.333.300,15.749.999.999.999.900,9.996.666.666.666.660
2013-05-20,36.4,24.2,7.4,998.4
2013-05-21,36.0,19.0,11.371.428.571.428.500,9.986.666.666.666.660
2013-05-22,36.75,22.125,175.875,998.625
2013-05-23,37.5,23.333.333.333.333.300,13.566.666.666.666.600,9.971.666.666.666.660
2013-05-24,3.842.857.142.857.140,27.428.571.428.571.400,11.385.714.285.714.200,9.964.285.714.285.710
2013-05-25,38.714.285.714.285.700,22.428.571.428.571.400,10.314.285.714.285.700,9.981.428.571.428.570
2013-05-26,37.8,21.2,10.74,998.2
2013-05-27,35.857.142.857.142.800,31.571.428.571.428.500,872.857.142.857.143,9.991.428.571.428.570
2013-05-28,35.333.333.333.333.300,29.0,8.333.333.333.333.330,10.001.666.666.666.600
2013-05-29,34.142.857.142.857.100,27.857.142.857.142.800,5.557.142.857.142.850,9.994.285.714.285.710
2013-05-30,32.2,28.2,55.600.000.000.000.000,999.6
2013-05-31,33.625,40.125,10.6375,9.987.142.857.142.850
2013-06-01,32.0,54.0,134.375,998.75
2013-06-02,32.4,56.6,14.200.000.000.000.000,1001.0
2013-06-03,35.6,47.0,12.239.999.999.999.900,999.6
2013-06-04,35.857.142.857.142.800,4.257.142.857.142.850,5.028.571.428.571.420,9.998.571.428.571.420
2013-06-05,37.166.666.666.666.600,36.5,9.866.666.666.666.660,998.0
2013-06-06,31.285.714.285.714.200,61.714.285.714.285.700,10.042.857.142.857.100,9.972.857.142.857.140
2013-06-07,34.0,49.25,7.412.500.000.000.000,998.0
2013-06-08,34.2,57.4,13.34,997.0
2013-06-09,36.166.666.666.666.600,40.0,11.416.666.666.666.600,9.951.666.666.666.660
2013-06-10,36.625,42.75,8.100.000.000.000.000,995.125
2013-06-11,30.166.666.666.666.600,61.666.666.666.666.600,16.349.999.999.999.900,1000.0
2013-06-12,34.142.857.142.857.100,54.142.857.142.857.100,74.142.857.142.857.100,998.0
2013-06-13,29.833.333.333.333.300,6.866.666.666.666.660,9.866.666.666.666.660,9.986.666.666.666.660
2013-06-14,30.142.857.142.857.100,6.814.285.714.285.710,7.942.857.142.857.140,9.974.285.714.285.710
2013-06-15,30.714.285.714.285.700,65.0,1.322.857.142.857.140,9.978.571.428.571.420
2013-06-16,27.0,8.885.714.285.714.280,8.485.714.285.714.280,9.964.285.714.285.710
2013-06-17,26.875,87.375,8.3375,994.75
2013-06-18,28.4,83.6,5.18,996.4
2013-06-19,29.857.142.857.142.800,7.285.714.285.714.280,4.228.571.428.571.420,999.0
2013-06-20,33.0,52.714.285.714.285.700,4.771.428.571.428.570,9.971.666.666.666.660
2013-06-21,34.833.333.333.333.300,47.333.333.333.333.300,5.866.666.666.666.660,9.953.333.333.333.330
2013-06-22,35.6,39.4,10.74,996.2
2013-06-23,35.166.666.666.666.600,53.0,8.350.000.000.000.000,9.956.666.666.666.660
2013-06-24,33.142.857.142.857.100,55.0,1.322.857.142.857.140,9.962.857.142.857.140
2013-06-25,30.571.428.571.428.500,7.042.857.142.857.140,11.114.285.714.285.700,9.991.666.666.666.660
2013-06-26,30.666.666.666.666.600,71.5,6.483.333.333.333.330,999.0
2013-06-27,31.428.571.428.571.400,61.857.142.857.142.800,7.957.142.857.142.850,9.967.142.857.142.850
2013-06-28,31.5,64.25,8.8125,996.0
2013-06-29,33.25,57.0,13.875,995.25
2013-06-30,32.833.333.333.333.300,52.166.666.666.666.600,10.5,9.971.666.666.666.660
2013-07-01,33.857.142.857.142.800,54.0,8.728.571.428.571.420,9.964.285.714.285.710
2013-07-02,33.142.857.142.857.100,58.285.714.285.714.200,9.799.999.999.999.990,996.0
2013-07-03,31.571.428.571.428.500,70.0,6.357.142.857.142.850,9.975.714.285.714.280
2013-07-04,32.375,67.5,9.25,997.0
2013-07-05,32.8,62.2,12.959.999.999.999.900,997.8
2013-07-06,31.0,7.314.285.714.285.710,1.137.142.857.142.850,10.005.714.285.714.200
2013-07-07,31.166.666.666.666.600,7.733.333.333.333.330,71.000.000.000.000.000,10.001.666.666.666.600
2013-07-08,29.833.333.333.333.300,7.516.666.666.666.660,6.483.333.333.333.330,997.5
2013-07-09,29.0,7.883.333.333.333.330,8.016.666.666.666.660,9.968.333.333.333.330
2013-07-10,29.75,75.375,6.4875,995.75
2013-07-11,32.5,65.5,7.116.666.666.666.660,9.973.333.333.333.330
2013-07-12,28.875,86.625,5.562.500.000.000.000,1000.0
2013-07-13,31.75,70.25,12.0625,998.875
2013-07-14,30.75,71.625,4.8125,997.375
2013-07-15,31.75,73.25,13.537.500.000.000.000,998.375
2013-07-16,29.875,83.875,9.0,999.0
2013-07-17,31.125,78.375,8.65,998.0
2013-07-18,31.75,76.0,5.550.000.000.000.000,995.0
2013-07-19,30.5,73.5,9.266.666.666.666.660,9.953.333.333.333.330
2013-07-20,26.833.333.333.333.300,9.066.666.666.666.660,4.933.333.333.333.330,9.991.666.666.666.660
2013-07-21,28.2,88.0,22.399.999.999.999.900,996.4
2013-07-22,29.5,8.033.333.333.333.330,4.333.333.333.333.330,9.968.333.333.333.330
2013-07-23,31.857.142.857.142.800,7.071.428.571.428.570,39.714.285.714.285.700,998.0
2013-07-24,29.714.285.714.285.700,8.414.285.714.285.710,3.971.428.571.428.570,9.971.428.571.428.570
2013-07-25,28.333.333.333.333.300,84.5,8.016.666.666.666.660,9.951.666.666.666.660
2013-07-26,30.0,7.385.714.285.714.280,5.571.428.571.428.570,9.954.285.714.285.710
2013-07-27,30.142.857.142.857.100,79.0,4.228.571.428.571.420,9.972.857.142.857.140
2013-07-28,32.285.714.285.714.200,6.742.857.142.857.140,6.085.714.285.714.280,9.981.428.571.428.570
2013-07-29,31.0,7.742.857.142.857.140,4.771.428.571.428.570,9.971.428.571.428.570
2013-07-30,30.5,7.566.666.666.666.660,8.016.666.666.666.660,996.5
2013-07-31,28.833.333.333.333.300,78.5,9.866.666.666.666.660,9.966.666.666.666.660
2013-08-01,30.0,73.5,5.550.000.000.000.000,998.0
2013-08-02,31.571.428.571.428.500,6.642.857.142.857.140,11.114.285.714.285.700,9.994.285.714.285.710
2013-08-03,32.5,62.333.333.333.333.300,10.816.666.666.666.600,10.008.333.333.333.300
2013-08-04,32.5,62.5,5.1,993.25
2013-08-05,29.5,77.0,6.783.333.333.333.330,1001.0
2013-08-06,27.166.666.666.666.600,9.066.666.666.666.660,4.016.666.666.666.660,10.021.666.666.666.600
2013-08-07,28.375,85.25,3.25,1.001.875
2013-08-08,28.5,84.0,6.166.666.666.666.660,1000.5
2013-08-09,27.166.666.666.666.600,87.5,3.716.666.666.666.660,1001.0
2013-08-10,29.428.571.428.571.400,7.985.714.285.714.280,61.000.000.000.000.000,10.003.333.333.333.300
2013-08-11,30.0,7.683.333.333.333.330,6.800.000.000.000.000,10.011.666.666.666.600
2013-08-12,29.5,81.5,8.350.000.000.000.000,1001.0
2013-08-13,30.75,72.0,11.125,999.25
2013-08-14,29.666.666.666.666.600,7.433.333.333.333.330,9.866.666.666.666.660,9.998.333.333.333.330
2013-08-15,27.714.285.714.285.700,85.0,8.2,10.017.142.857.142.800
2013-08-16,26.6,92.0,4.46,1000.8
2013-08-17,27.428.571.428.571.400,91.0,14.285.714.285.714.200,9.994.285.714.285.710
2013-08-18,28.333.333.333.333.300,8.383.333.333.333.330,12.333.333.333.333.300,10.001.666.666.666.600
2013-08-19,28.166.666.666.666.600,8.466.666.666.666.660,5.550.000.000.000.000,1000.5
2013-08-20,27.375,88.5,5.325,999.0
2013-08-21,28.333.333.333.333.300,8.116.666.666.666.660,10.314.285.714.285.700,9.992.857.142.857.140
2013-08-22,29.166.666.666.666.600,7.483.333.333.333.330,6.483.333.333.333.330,10.011.666.666.666.600
2013-08-23,31.285.714.285.714.200,7.314.285.714.285.710,2.642.857.142.857.140,10.014.285.714.285.700
2013-08-24,32.0,71.25,18.525,10.003.333.333.333.300
2013-08-25,29.0,90.75,925,998.75
2013-08-26,32.0,69.875,6.475,9.978.571.428.571.420
2013-08-27,32.142.857.142.857.100,57.285.714.285.714.200,17.071.428.571.428.500,9.998.571.428.571.420
2013-08-28,30.142.857.142.857.100,60.714.285.714.285.700,11.642.857.142.857.100,10.037.142.857.142.800
2013-08-29,31.5,57.0,9.275,1003.25
2013-08-30,29.166.666.666.666.600,73.0,3.1,1003.5
2013-08-31,29.0,71.75,4.65,1003.25
2013-09-01,30.0,65.2,11.48,1003.2
2013-09-02,31.857.142.857.142.800,50.857.142.857.142.800,15.342.857.142.857.100,10.037.142.857.142.800
2013-09-03,32.75,45.5,14.799.999.999.999.900,1001.5
2013-09-04,31.714.285.714.285.700,48.0,14.542.857.142.857.100,10.021.666.666.666.600
2013-09-05,31.666.666.666.666.600,46.0,13.566.666.666.666.600,1001.5
2013-09-06,30.571.428.571.428.500,55.714.285.714.285.700,10.042.857.142.857.100,10.034.285.714.285.700
2013-09-07,30.833.333.333.333.300,51.833.333.333.333.300,6.783.333.333.333.330,10.041.666.666.666.600
2013-09-08,28.0,71.75,2.325,1007.25
2013-09-09,31.0,57.5,42.22,1007.0
2013-09-10,29.666.666.666.666.600,6.633.333.333.333.330,36.999.999.999.999.900,10.053.333.333.333.300
2013-09-11,30.857.142.857.142.800,61.142.857.142.857.100,3.971.428.571.428.570,10.055.714.285.714.200
2013-09-12,31.166.666.666.666.600,60.333.333.333.333.300,27.833.333.333.333.300,10.081.666.666.666.600
2013-09-13,31.142.857.142.857.100,6.714.285.714.285.710,31.714.285.714.285.700,10.071.428.571.428.500
2013-09-14,30.5,67.0,27.833.333.333.333.300,10.038.333.333.333.300
2013-09-15,31.625,56.375,3.9375,1.001.375
2013-09-16,29.666.666.666.666.600,60.0,7.100.000.000.000.000,10.023.333.333.333.300
2013-09-17,29.25,56.5,3.475,1.002.875
2013-09-18,29.142.857.142.857.100,5.857.142.857.142.850,5.557.142.857.142.850,10.031.428.571.428.500
2013-09-19,29.8,61.6,2.96,1001.8
2013-09-20,28.666.666.666.666.600,70.0,9.583.333.333.333.330,1003.0
2013-09-21,25.2,89.0,5.18,1003.0
2013-09-22,28.333.333.333.333.300,7.966.666.666.666.660,30.833.333.333.333.300,10.016.666.666.666.600
2013-09-23,30.285.714.285.714.200,68.0,4.5,1001.0
2013-09-24,30.75,65.75,57.875.000.000.000.000,1002.75
2013-09-25,28.571.428.571.428.500,75.0,6.614.285.714.285.710,10.054.285.714.285.700
2013-09-26,28.2,78.8,04.08,1006.6
2013-09-27,29.0,71.25,74.125.000.000.000.000,1.005.625
2013-09-28,30.0,6.733.333.333.333.330,12.333.333.333.333.300,10.053.333.333.333.300
2013-09-29,28.142.857.142.857.100,7.985.714.285.714.280,5.557.142.857.142.850,10.038.571.428.571.400
2013-09-30,26.857.142.857.142.800,8.457.142.857.142.850,4.228.571.428.571.420,10.047.142.857.142.800
2013-10-01,28.285.714.285.714.200,6.871.428.571.428.570,6.371.428.571.428.570,10.077.142.857.142.800
2013-10-02,29.2,61.4,7.42,1010.0
2013-10-03,28.6,59.0,7.4,1008.6
2013-10-04,24.833.333.333.333.300,8.433.333.333.333.330,6.783.333.333.333.330,1007.5
2013-10-05,28.5,69.0,2.0875,1.004.125
2013-10-06,29.75,66.5,1.85,1005.25
2013-10-07,29.714.285.714.285.700,6.657.142.857.142.850,15.857.142.857.142.800,10.088.571.428.571.400
2013-10-08,29.2,69.4,0.0,1009.8
2013-10-09,30.833.333.333.333.300,65.5,5.566.666.666.666.660,10.103.333.333.333.300
2013-10-10,29.428.571.428.571.400,6.628.571.428.571.420,39.714.285.714.285.700,10.108.571.428.571.400
2013-10-11,23.857.142.857.142.800,8.985.714.285.714.280,4.242.857.142.857.140,10.105.714.285.714.200
2013-10-12,26.142.857.142.857.100,8.257.142.857.142.850,2.914.285.714.285.710,10.082.857.142.857.100
2013-10-13,27.166.666.666.666.600,8.433.333.333.333.330,6.166.666.666.666.660,10.076.666.666.666.600
2013-10-14,27.714.285.714.285.700,7.485.714.285.714.280,5.557.142.857.142.850,1007.0
2013-10-15,25.857.142.857.142.800,7.642.857.142.857.140,36.999.999.999.999.900,10.091.428.571.428.500
2013-10-16,26.428.571.428.571.400,75.0,0.0,1009.0
2013-10-17,26.857.142.857.142.800,7.671.428.571.428.570,10.571.428.571.428.500,10.104.285.714.285.700
2013-10-18,26.333.333.333.333.300,7.316.666.666.666.660,0.0,1010.5
2013-10-19,24.571.428.571.428.500,6.957.142.857.142.850,21.142.857.142.857.100,10.115.714.285.714.200
2013-10-20,24.333.333.333.333.300,6.783.333.333.333.330,1.55,10.106.666.666.666.600
2013-10-21,24.875,63.625,13.875.000.000.000.000,1.009.875
2013-10-22,27.8,53.6,0.0,1011.0
2013-10-23,25.0,67.5,1.1625,1.013.625
2013-10-24,23.857.142.857.142.800,7.314.285.714.285.710,10.571.428.571.428.500,10.132.857.142.857.100
2013-10-25,22.8,75.8,1.86,1011.0
2013-10-26,23.0,78.2,0.74,1011.2
2013-10-27,22.875,66.875,25.500.000.000.000.000,1.010.625
2013-10-28,22.666.666.666.666.600,63.166.666.666.666.600,4.933.333.333.333.330,1010.0
2013-10-29,23.0,62.714.285.714.285.700,3.971.428.571.428.570,10.111.428.571.428.500
2013-10-30,22.857.142.857.142.800,6.742.857.142.857.140,2.385.714.285.714.280,10.128.571.428.571.400
2013-10-31,23.666.666.666.666.600,58.833.333.333.333.300,30.833.333.333.333.300,10.128.333.333.333.300
2013-11-01,23.428.571.428.571.400,6.914.285.714.285.710,10.571.428.571.428.500,10.132.857.142.857.100
2013-11-02,21.625,65.0,4.6375,1014.5
2013-11-03,20.625,57.875,5.5625,1016.0
2013-11-04,21.166.666.666.666.600,54.166.666.666.666.600,2.466.666.666.666.660,1017.5
2013-11-05,18.833.333.333.333.300,7.433.333.333.333.330,0.0,1017.5
2013-11-06,20.571.428.571.428.500,6.671.428.571.428.570,31.857.142.857.142.800,10.158.571.428.571.400
2013-11-07,20.142.857.142.857.100,7.314.285.714.285.710,4.500.000.000.000.000,10.156.666.666.666.600
2013-11-08,18.0,82.2,199.125,1.015.625
2013-11-09,19.857.142.857.142.800,7.357.142.857.142.850,5.285.714.285.714.280,10.167.142.857.142.800
2013-11-10,16.833.333.333.333.300,72.0,2.466.666.666.666.660,1016.0
2013-11-11,18.857.142.857.142.800,61.857.142.857.142.800,5.814.285.714.285.710,10.134.285.714.285.700
2013-11-12,16.571.428.571.428.500,7.171.428.571.428.570,7.999.999.999.999.990,10.138.571.428.571.400
2013-11-13,17.75,65.0,3.0125,1014.25
2013-11-14,17.625,63.375,3.475,1015.25
2013-11-15,17.0,67.0,925,1016.5
2013-11-16,16.625,69.625,0.0,1018.0
2013-11-17,15.571.428.571.428.500,6.742.857.142.857.140,23.857.142.857.142.800,10.177.142.857.142.800
2013-11-18,18.5,55.125,7.412.500.000.000.000,1.016.875
2013-11-19,17.875,63.5,7.175,1015.5
2013-11-20,18.25,58.875,2.55,1012.75
2013-11-21,17.875,66.25,2.0875,1.013.125
2013-11-22,17.625,74.875,1.1625,1015.75
2013-11-23,18.142.857.142.857.100,7.785.714.285.714.280,7.999.999.999.999.990,10.145.714.285.714.200
2013-11-24,19.125,58.875,5.0875,1014.5
2013-11-25,21.25,49.875,9.5,1.012.875
2013-11-26,21.25,51.375,9.75,1011.75
2013-11-27,19.125,68.5,2.7875,1014.75
2013-11-28,18.625,71.875,1.85,1017.75
2013-11-29,17.75,66.625,4.8625,1.016.875
2013-11-30,17.875,69.625,11.8125,1.015.875
2013-12-01,18.0,65.0,15.857.142.857.142.800,10.161.428.571.428.500
2013-12-02,17.25,73.25,1.85,1.015.875
2013-12-03,17.5,73.5,1.3875,1016.75
2013-12-04,17.142.857.142.857.100,7.185.714.285.714.280,4.228.571.428.571.420,1017.0
2013-12-05,17.142.857.142.857.100,69.0,6.885.714.285.714.280,10.152.857.142.857.100
2013-12-06,16.125,72.375,37.125.000.000.000.000,1014.0
2013-12-07,16.0,80.5,1.1625,1014.25
2013-12-08,16.5,83.625,0.0,1014.0
2013-12-09,16.125,79.25,2.3125,1013.5
2013-12-10,15.5,81.75,2.55,1013.75
2013-12-11,16.625,71.875,6.475.000.000.000.000,1.014.125
2013-12-12,17.75,62.375,16.9,1012.5
2013-12-13,17.142.857.142.857.100,6.771.428.571.428.570,1.162.857.142.857.140,1012.0
2013-12-14,16.142.857.142.857.100,79.0,7.999.999.999.999.990,10.125.714.285.714.200
2013-12-15,15.5,86.25,2.55,1.015.125
2013-12-16,15.25,89.5,1.1625,1.015.625
2013-12-17,14.75,92.875,925,1014.25
2013-12-18,14.875,93.0,2.0875,1.012.625
2013-12-19,16.125,89.125,32.499.999.999.999.900,1.012.875
2013-12-20,15.375,91.375,44.125.000.000.000.000,1016.0
2013-12-21,14.75,94.0,4.625,1017.0
2013-12-22,15.25,94.0,13.875.000.000.000.000,1.018.375
2013-12-23,14.25,88.25,9.025,1020.5
2013-12-24,13.5,84.75,57.875.000.000.000.000,1.021.375
2013-12-25,13.666.666.666.666.600,63.166.666.666.666.600,344.875,1.020.625
2013-12-26,12.125,67.625,4.4,1019.25
2013-12-27,11.875,79.875,1.1625,1.018.625
2013-12-28,10.875,70.0,5.325,1019.25
2013-12-29,10.571.428.571.428.500,6.942.857.142.857.140,5.325,1018.5
2013-12-30,12.375,79.5,64.750.000.000.000.000,1.018.125
2013-12-31,14.5,89.375,4.862.500.000.000.000,1020.5
2014-01-01,13.375,89.625,7.65,1021.0
2014-01-02,11.0,78.375,8.1,1020.25
2014-01-03,12.5,74.875,5.325,1017.75
2014-01-04,12.875,88.125,1.1625,1016.25
2014-01-05,12.375,89.0,4.625,1014.5
2014-01-06,11.428.571.428.571.400,8.628.571.428.571.420,273.375,1.017.625
2014-01-07,12.142.857.142.857.100,7.228.571.428.571.420,20.599.999.999.999.900,1017.75
2014-01-08,11.875,76.875,1.85,1.017.875
2014-01-09,12.833.333.333.333.300,83.0,12.333.333.333.333.300,1017.0
2014-01-10,12.375,85.375,0.0,1.016.625
2014-01-11,12.125,82.625,67.250.000.000.000.000,1.019.625
2014-01-12,12.875,80.875,32.500.000.000.000.000,1020.75
2014-01-13,14.0,72.375,1.1625,1.019.375
2014-01-14,14.875,76.75,2.7875,1017.0
2014-01-15,12.0,93.5,4.625,1019.75
2014-01-16,12.285.714.285.714.200,9.057.142.857.142.850,15.857.142.857.142.800,10.195.714.285.714.200
2014-01-17,12.0,95.75,1.1625,1.017.625
2014-01-18,12.5,94.25,1.85,1020.25
2014-01-19,14.5,84.5,34.749.999.999.999.900,1023.0
2014-01-20,14.625,83.5,44.125.000.000.000.000,1.021.375
2014-01-21,13.571.428.571.428.500,9.685.714.285.714.280,7.171.428.571.428.570,10.205.714.285.714.200
2014-01-22,15.25,96.125,67.124.999.999.999.900,1.019.875
2014-01-23,15.625,90.125,6.7125,1020.25
2014-01-24,13.875,88.875,8.1125,1019.25
2014-01-25,11.75,95.625,8.3375,1019.75
2014-01-26,14.375,85.75,8.8125,1.019.125
2014-01-27,16.625,72.375,9.950.000.000.000.000,1018.75
2014-01-28,16.625,69.875,74.125.000.000.000.000,1016.75
2014-01-29,14.875,81.875,4.625.000.000.000.000,1.018.625
2014-01-30,14.5,83.25,925,1.019.375
2014-01-31,14.75,82.5,3.0125,1019.25
2014-02-01,14.0,79.375,2.55,1019.75
2014-02-02,15.25,76.125,1.85,1.016.875
2014-02-03,18.428.571.428.571.400,63.857.142.857.142.800,12.2875,1.014.125
2014-02-04,18.857.142.857.142.800,6.542.857.142.857.140,13.424.999.999.999.900,1011.0
2014-02-05,17.0,72.75,1.625,1011.5
2014-02-06,18.5,65.375,6.012.500.000.000.000,1.010.875
2014-02-07,19.625,67.25,15.049.999.999.999.900,1009.25
2014-02-08,13.625,85.375,8.1125,1.011.375
2014-02-09,12.875,63.375,9.2625,1012.0
2014-02-10,12.625,61.75,3.7,1012.5
2014-02-11,13.375,64.625,3.7,1013.5
2014-02-12,13.25,67.0,9.262.500.000.000.000,1013.5
2014-02-13,15.25,64.5,4.875,1.013.625
2014-02-14,13.0,95.5,5.3375,1.011.875
2014-02-15,12.375,89.5,3.9375,1.012.875
2014-02-16,13.5,79.0,8.7875,1016.0
2014-02-17,15.125,66.125,12.725,1017.75
2014-02-18,15.25,60.125,8.799.999.999.999.990,1.017.375
2014-02-19,15.125,75.375,1.85,1.016.625
2014-02-20,16.125,78.625,1.8625,1014.75
2014-02-21,17.125,72.25,8.7875,1014.25
2014-02-22,16.625,85.625,6.250.000.000.000.000,1.017.375
2014-02-23,16.5,80.0,7.887.500.000.000.000,1.019.375
2014-02-24,16.375,69.375,5.3375,1.018.625
2014-02-25,18.125,69.0,925,1017.25
2014-02-26,18.75,71.125,2.0875,1014.25
2014-02-27,18.625,76.625,7.175.000.000.000.000,1.013.125
2014-02-28,15.625,88.375,5.799.999.999.999.990,1.013.125
2014-03-01,16.142.857.142.857.100,8.728.571.428.571.420,4.242.857.142.857.140,10.152.857.142.857.100
2014-03-02,16.125,79.0,57.875.000.000.000.000,1.017.125
2014-03-03,17.875,65.625,3.7,1016.25
2014-03-04,18.75,66.375,37.125.000.000.000.000,1016.5
2014-03-05,18.875,67.0,5.325.000.000.000.000,1.016.125
2014-03-06,18.375,64.0,4.6375,1.016.375
2014-03-07,18.5,62.875,6.7125,1.017.125
2014-03-08,19.875,63.875,9.9625,1017.0
2014-03-09,22.0,56.625,7.65,1014.5
2014-03-10,20.0,63.875,10.8875,1.014.375
2014-03-11,20.714.285.714.285.700,70.0,15.6,10.137.142.857.142.800
2014-03-12,20.0,68.875,6.4875,1016.25
2014-03-13,19.0,60.625,9.950.000.000.000.000,1016.25
2014-03-14,19.625,61.25,5.800.000.000.000.000,1015.0
2014-03-15,21.625,62.625,2.7875,1.016.375
2014-03-16,23.125,58.5,6.25,1.015.375
2014-03-17,26.25,52.125,6.7125,1011.25
2014-03-18,24.857.142.857.142.800,5.342.857.142.857.140,9.799.999.999.999.990,10.128.571.428.571.400
2014-03-19,21.75,57.375,10.1875,1013.25
2014-03-20,21.5,55.0,7.4,1010.75
2014-03-21,22.5,64.75,5.3375,1.007.125
2014-03-22,25.0,59.5,30.124.999.999.999.900,1007.0
2014-03-23,22.75,61.875,9.025,1.010.625
2014-03-24,22.375,73.125,9.487.499.999.999.990,1.011.625
2014-03-25,24.625,60.25,2.775,1010.5
2014-03-26,25.125,58.875,27.750.000.000.000.000,1.010.625
2014-03-27,23.5,63.25,4.8875,1011.75
2014-03-28,24.428.571.428.571.400,6.757.142.857.142.850,4.5,10.111.428.571.428.500
2014-03-29,25.875,55.625,8.35,1011.25
2014-03-30,24.125,46.75,13.9,1.009.875
2014-03-31,24.125,44.125,13.200.000.000.000.000,1008.25
2014-04-01,24.875,45.75,9.712.499.999.999.990,1.006.125
2014-04-02,26.75,43.375,7.175,1005.75
2014-04-03,25.0,48.0,10.424.999.999.999.900,1.010.375
2014-04-04,25.857.142.857.142.800,47.857.142.857.142.800,11.914.285.714.285.700,10.098.571.428.571.400
2014-04-05,27.375,44.0,9.2625,1.008.875
2014-04-06,30.125,45.25,6.7125,1007.5
2014-04-07,27.25,47.625,12.9625,1.009.625
2014-04-08,25.75,41.875,12.725,1.010.375
2014-04-09,25.75,35.25,12.7375,1010.25
2014-04-10,26.375,29.25,12.500.000.000.000.000,1.010.875
2014-04-11,28.142.857.142.857.100,29.0,10.057.142.857.142.800,10.085.714.285.714.200
2014-04-12,29.125,39.875,51.000.000.000.000.000,1.007.125
2014-04-13,26.875,40.375,155.125,1.009.625
2014-04-14,27.625,46.625,53.500.000.000.000.000,1.010.625
2014-04-15,29.0,48.125,2.55,1.009.125
2014-04-16,27.125,53.625,4.4,1008.25
2014-04-17,26.375,49.625,9.25,1007.0
2014-04-18,24.25,64.375,143.375,1.011.625
2014-04-19,25.625,57.875,5.1,1.011.375
2014-04-20,27.0,48.0,4.6375,1010.5
2014-04-21,28.0,33.125,8.8125,1010.0
2014-04-22,29.375,29.375,12.5,1011.75
2014-04-23,29.125,37.0,60.249.999.999.999.900,1009.0
2014-04-24,29.375,35.875,7.875,1.005.875
2014-04-25,30.625,34.375,8.1125,1.006.125
2014-04-26,31.5,32.0,8.1125,1.006.375
2014-04-27,30.625,30.0,8.350.000.000.000.000,1.007.125
2014-04-28,31.5,27.875,10.1875,1.005.625
2014-04-29,32.125,28.875,8.325,1.003.875
2014-04-30,33.25,25.5,5.3375,1003.75
2014-05-01,34.875,22.5,9.7375,1001.5
2014-05-02,34.375,24.75,6.4875,1.001.875
2014-05-03,31.75,33.375,6.475,1.003.625
2014-05-04,31.875,34.375,5.8,1003.0
2014-05-05,29.75,53.25,9.037.500.000.000.000,1005.75
2014-05-06,29.571.428.571.428.500,51.142.857.142.857.100,6.885.714.285.714.280,10.068.571.428.571.400
2014-05-07,31.75,48.625,1.85,1004.25
2014-05-08,31.375,43.0,10.662.500.000.000.000,1.002.625
2014-05-09,30.5,39.625,6.487.500.000.000.000,10.004.285.714.285.700
2014-05-10,30.0,37.625,7.8875,1000.75
2014-05-11,29.625,40.375,7.65,1004.0
2014-05-12,28.0,53.375,10.887.500.000.000.000,1.004.875
2014-05-13,25.25,65.75,9.9625,1.008.375
2014-05-14,26.875,55.25,8.575.000.000.000.000,1006.5
2014-05-15,29.5,39.875,11.125,1004.25
2014-05-16,31.125,40.25,9.4875,1003.5
2014-05-17,29.875,47.625,7.175.000.000.000.000,1007.0
2014-05-18,31.5,35.375,13.899.999.999.999.900,1.007.375
2014-05-19,32.375,29.5,11.575.000.000.000.000,1.006.625
2014-05-20,31.125,34.0,7.6375,1.006.625
2014-05-21,33.0,32.5,9.7125,1.002.125
2014-05-22,33.25,33.375,11.112.499.999.999.900,999.5
2014-05-23,34.625,32.75,19.450.000.000.000.000,1000.0
2014-05-24,31.5,50.5,6.725,1.004.125
2014-05-25,31.5,43.25,164.375,1005.5
2014-05-26,30.125,54.125,4.175,1.007.125
2014-05-27,31.875,49.75,2.55,1004.75
2014-05-28,33.625,44.5,3.95,1001.25
2014-05-29,35.25,40.125,4.4,999.375
2014-05-30,33.125,44.5,11.5875,9.995.714.285.714.280
2014-05-31,34.625,39.0,6.4875,999.625
2014-06-01,32.75,34.25,16.2,1003.25
2014-06-02,32.75,41.375,4.6375,1003.25
2014-06-03,34.875,33.625,6.487.500.000.000.000,1000.0
2014-06-04,35.25,33.125,7.1875,998.125
2014-06-05,36.875,26.875,8.5625,996.125
2014-06-06,37.5,27.625,10.2,994.875
2014-06-07,38.5,22.75,131.875,994.0
2014-06-08,37.625,26.25,67.250.000.000.000.000,993.125
2014-06-09,37.875,32.125,6.025,993.125
2014-06-10,37.25,20.875,12.0375,994.75
2014-06-11,37.625,23.125,148.125,995.625
2014-06-12,32.875,39.25,24.325,997.0
2014-06-13,30.25,55.125,166.625,997.625
2014-06-14,30.5,66.875,6.487.500.000.000.000,997.375
2014-06-15,33.875,52.0,8.1,997.125
2014-06-16,36.375,41.375,10.887.500.000.000.000,995.625
2014-06-17,36.875,42.125,15.962.499.999.999.900,994.125
2014-06-18,33.875,58.0,10.425,994.25
2014-06-19,35.75,47.875,10.8875,993.25
2014-06-20,38.0,36.125,17.825,991.375
2014-06-21,36.875,40.125,9.7375,993.875
2014-06-22,34.5,46.75,4.4,996.375
2014-06-23,32.125,49.75,6.7125,996.25
2014-06-24,33.0,46.25,10.1875,995.5
2014-06-25,32.25,53.25,13.2,997.625
2014-06-26,32.5,60.375,3.2375,1001.0
2014-06-27,34.75,48.5,9.487.499.999.999.990,1.001.625
2014-06-28,34.875,49.0,5.7875,999.375
2014-06-29,33.0,57.75,9.7125,997.75
2014-06-30,32.0,67.75,32.499.999.999.999.900,997.5
2014-07-01,31.375,65.125,6.25,1.000.875
2014-07-02,29.5,71.375,5.787.500.000.000.000,1.001.125
2014-07-03,28.875,75.125,5.0875,9.982.857.142.857.140
2014-07-04,3.138.888.888.888.880,69.0,4.333.333.333.333.330,9.987.777.777.777.770
2014-07-05,34.705.882.352.941.100,5.205.882.352.941.170,9.202.941.176.470.580,10.007.058.823.529.400
2014-07-06,30.625,61.125,3.7125,1000.5
2014-07-07,34.0,48.75,5.5625,998.25
2014-07-08,35.0,39.5,9.725.000.000.000.000,996.875
2014-07-09,36.0,37.125,13.65,996.5
2014-07-10,36.125,38.75,11.3375,996.875
2014-07-11,36.625,38.625,8.7875,996.125
2014-07-12,35.875,51.375,5.3375,996.0
2014-07-13,31.625,69.75,6.025,998.0
2014-07-14,32.375,67.875,6.725,997.125
2014-07-15,33.125,62.625,8.825.000.000.000.000,996.0
2014-07-16,32.625,63.0,10.45,997.25
2014-07-17,30.75,74.25,67.250.000.000.000.000,996.125
2014-07-18,27.25,83.875,2.55,994.875
2014-07-19,29.875,71.0,6.25,995.125
2014-07-20,30.875,68.875,6.262.499.999.999.990,996.75
2014-07-21,32.125,65.5,4.65,996.0
2014-07-22,31.625,69.75,7.175,997.0
2014-07-23,30.625,72.875,8.1125,997.75
2014-07-24,30.5,63.625,12.0375,9.987.142.857.142.850
2014-07-25,30.75,63.25,9.9625,1000.75
2014-07-26,32.5,61.5,7.175,1.001.875
2014-07-27,31.714.285.714.285.700,6.542.857.142.857.140,6.25,1.001.875
2014-07-28,30.0,75.75,18.05,999.375
2014-07-29,30.25,69.875,57.875.000.000.000.000,999.25
2014-07-30,31.875,65.75,4.175.000.000.000.000,9.995.714.285.714.280
2014-07-31,32.5,65.75,7.425,999.625
2014-08-01,33.25,59.5,6.500.000.000.000.000,998.0
2014-08-02,30.125,77.75,925,997.125
2014-08-03,31.5,66.25,57.875.000.000.000.000,995.375
2014-08-04,30.5,69.75,51.000.000.000.000.000,996.125
2014-08-05,29.75,77.5,1.85,997.5
2014-08-06,32.125,65.0,5.5625,996.875
2014-08-07,31.125,65.375,6.949.999.999.999.990,997.0
2014-08-08,31.0,67.875,6.012.500.000.000.000,998.375
2014-08-09,29.235.294.117.647.000,8.047.058.823.529.410,6.652.941.176.470.580,10.016.470.588.235.200
2014-08-10,28.5,8.990.625,52.250.000.000.000.000,100.215.625
2014-08-11,31.125,72.125,30.124.999.999.999.900,999.875
2014-08-12,32.125,57.5,8.3375,998.75
2014-08-13,32.125,57.714.285.714.285.700,20.825,998.25
2014-08-14,30.375,57.5,185.125,997.375
2014-08-15,31.125,54.875,14.587.499.999.999.900,998.875
2014-08-16,30.428.571.428.571.400,59.857.142.857.142.800,8.35,1002.5
2014-08-17,31.375,53.875,7.1875,1003.25
2014-08-18,31.875,56.625,5.5625,1.005.375
2014-08-19,33.0,5.242.857.142.857.140,6.885.714.285.714.280,10.048.571.428.571.400
2014-08-20,33.25,47.125,8.7875,1.002.375
2014-08-21,32.5,43.0,10.8875,1001.25
2014-08-22,33.0,47.125,8.5625,10.028.571.428.571.400
2014-08-23,33.125,45.75,9.2625,1003.25
2014-08-24,33.125,46.25,11.350.000.000.000.000,1.002.875
2014-08-25,33.875,46.625,7.874.999.999.999.990,1.002.375
2014-08-26,34.125,40.25,9.962.499.999.999.990,1.001.375
2014-08-27,33.857.142.857.142.800,44.714.285.714.285.700,8.112.499.999.999.990,1.001.125
2014-08-28,29.625,67.75,67.250.000.000.000.000,1003.75
2014-08-29,30.375,69.25,3.7,1003.5
2014-08-30,28.625,78.125,4.1625,1.002.625
2014-08-31,27.625,86.125,4.4125,1001.25
2014-09-01,29.428.571.428.571.400,6.585.714.285.714.280,155.125,1.001.125
2014-09-02,29.25,71.0,10.424.999.999.999.900,1.001.875
2014-09-03,28.625,77.875,150.375,10.014.285.714.285.700
2014-09-04,27.875,80.75,9.275,1.000.375
2014-09-05,26.5,85.75,8.337.499.999.999.990,10.001.428.571.428.500
2014-09-06,28.5,76.875,2.0875,1.002.375
2014-09-07,31.0,67.625,1.4,1003.25
2014-09-08,31.25,66.375,3.475,1.003.125
2014-09-09,31.0,70.125,1.85,1.002.375
2014-09-10,28.75,77.5,4.875,1003.25
2014-09-11,26.571.428.571.428.500,8.571.428.571.428.570,17.825,10.055.714.285.714.200
2014-09-12,28.5,73.0,1.625,1.005.125
2014-09-13,29.375,68.25,4.1625,1004.0
2014-09-14,29.125,65.5,6.712.500.000.000.000,1004.25
2014-09-15,29.625,63.125,6.7125,1004.25
2014-09-16,30.625,65.125,6.25,1002.25
2014-09-17,30.625,61.875,7.4,1.002.125
2014-09-18,30.5,62.375,6.7125,1.003.875
2014-09-19,31.0,56.625,4.175.000.000.000.000,1003.5
2014-09-20,31.125,55.75,43.999.999.999.999.900,1.002.875
2014-09-21,30.5,54.875,5.5625,1.003.625
2014-09-22,30.625,50.0,13.437.499.999.999.900,1004.5
2014-09-23,31.0,47.0,30.685.714.285.714.200,10.042.857.142.857.100
2014-09-24,29.625,53.0,8.1,1006.25
2014-09-25,30.0,52.5,9.725,1007.75
2014-09-26,30.0,52.5,5.7875,1.008.125
2014-09-27,30.5,46.875,8.799.999.999.999.990,1009.25
2014-09-28,30.25,48.875,7.175,1.009.625
2014-09-29,30.5,48.75,7.4125,1.009.125
2014-09-30,30.625,50.125,6.712.500.000.000.000,1.009.625
2014-10-01,30.428.571.428.571.400,52.857.142.857.142.800,31.714.285.714.285.700,10.104.285.714.285.700
2014-10-02,30.375,53.375,2.7875,1.009.125
2014-10-03,30.5,52.625,1.85,1008.0
2014-10-04,31.0,53.5,0.0,1008.5
2014-10-05,30.625,56.125,0.0,1.010.375
2014-10-06,30.625,56.75,0.0,1.010.125
2014-10-07,31.0,59.375,1.1625,1.008.375
2014-10-08,28.75,52.75,3.7125,1.009.875
2014-10-09,27.625,49.875,3.2375,1.010.125
2014-10-10,27.125,57.375,32.375.000.000.000.000,1008.75
2014-10-11,25.714.285.714.285.700,57.142.857.142.857.100,6.9375,1008.25
2014-10-12,26.0,58.625,4.625,1.008.375
2014-10-13,27.625,59.75,8.799.999.999.999.990,1.009.875
2014-10-14,24.5,67.625,5.325.000.000.000.000,1.010.875
2014-10-15,24.5,68.0,3.2625,1.013.375
2014-10-16,23.0,58.875,4.862.500.000.000.000,1014.0
2014-10-17,25.0,47.666.666.666.666.600,250.125,1.013.625
2014-10-18,24.0,56.142.857.142.857.100,21.3,1.012.875
2014-10-19,23.75,57.75,4.1625,1.012.625
2014-10-20,24.75,55.625,4.4,1.013.125
2014-10-21,25.625,56.125,2.0875,1.014.625
2014-10-22,25.75,64.875,4.625,1014.5
2014-10-23,25.25,66.0,925,1012.75
2014-10-24,25.5,67.5,1.85,1011.75
2014-10-25,25.25,67.125,925,1.012.375
2014-10-26,25.125,65.5,20.875.000.000.000.000,1.014.875
2014-10-27,24.875,62.875,1.8625,1013.75
2014-10-28,25.125,64.75,2.5625,1012.0
2014-10-29,24.75,65.75,1.625,1.012.125
2014-10-30,23.875,61.375,1.85,1014.5
2014-10-31,23.375,58.25,3.7125,1.013.625
2014-11-01,22.5,50.875,5.325.000.000.000.000,1.014.125
2014-11-02,22.875,49.125,7.1875,1014.5
2014-11-03,23.375,52.75,4.1625,1013.5
2014-11-04,23.625,56.625,3.9375,1.012.125
2014-11-05,22.75,56.25,4.625,1.012.375
2014-11-06,23.0,56.25,6.25,1.011.625
2014-11-07,24.0,66.125,2.3125,1.012.875
2014-11-08,23.875,66.25,1.625,1.014.625
2014-11-09,24.125,56.375,4.1625,1.015.125
2014-11-10,21.375,52.125,34.750.000.000.000.000,1014.0
2014-11-11,19.25,55.125,2.325,1014.75
2014-11-12,19.625,52.0,2.3125,1.015.875
2014-11-13,18.5,50.5,3.2375,1016.5
2014-11-14,18.375,43.0,74.125.000.000.000.000,1.016.375
2014-11-15,18.625,44.75,2.775,1.014.875
2014-11-16,18.25,47.625,2.55,1.015.375
2014-11-17,17.75,51.75,27.750.000.000.000.000,1.016.125
2014-11-18,17.625,53.0,2.0875,1.017.875
2014-11-19,17.5,58.125,1.1625,1016.5
2014-11-20,20.375,54.625,30.250.000.000.000.000,1.013.375
2014-11-21,18.25,62.125,3.2375,1012.75
2014-11-22,19.875,58.875,1.625,1.011.375
2014-11-23,17.125,57.375,1.3875,1.014.625
2014-11-24,16.875,52.25,4.175.000.000.000.000,1016.0
2014-11-25,16.5,51.5,2.55,1.014.875
2014-11-26,19.625,51.0,5.550.000.000.000.000,1.009.875
2014-11-27,18.125,63.875,0.0,1011.75
2014-11-28,19.375,67.375,0.0,1012.5
2014-11-29,20.25,67.625,0.0,1.012.375
2014-11-30,19.75,54.75,2.55,1014.0
2014-12-01,20.0,42.625,8.799.999.999.999.990,1013.75
2014-12-02,21.375,47.625,7.875.000.000.000.000,1012.75
2014-12-03,25.0,6.657.142.857.142.850,1.137.142.857.142.850,1007.0
2014-12-04,21.25,68.875,4.862.500.000.000.000,1.010.375
2014-12-05,17.75,59.875,2.55,1.017.125
2014-12-06,18.25,48.875,4.8625,1.016.375
2014-12-07,17.25,48.375,4.862.500.000.000.000,1014.75
2014-12-08,17.0,49.875,2.775,1015.0
2014-12-09,15.285.714.285.714.200,6.757.142.857.142.850,0.0,10.168.571.428.571.400
2014-12-10,21.5,65.5,4.8625,1010.5
2014-12-11,19.625,70.5,3.25,1.011.625
2014-12-12,17.5,65.625,4.625,1.014.375
2014-12-13,16.0,71.875,8.8,1.016.125
2014-12-14,16.875,86.625,3.95,1014.5
2014-12-15,16.625,75.75,2.325,1.016.125
2014-12-16,17.75,72.375,7.425.000.000.000.000,1.017.375
2014-12-17,12.875,72.125,6.4875,1020.25
2014-12-18,11.75,79.75,30.124.999.999.999.900,1.021.375
2014-12-19,11.75,81.75,4.625,1.022.125
2014-12-20,11.25,77.0,5.800.000.000.000.000,1018.75
2014-12-21,9.5,79.125,925,1018.0
2014-12-22,9.375,85.0,13.875.000.000.000.000,1.017.125
2014-12-23,9.625,78.625,1.625,1.017.875
2014-12-24,9.875,83.0,34.750.000.000.000.000,1021.25
2014-12-25,9.25,81.125,8.100.000.000.000.000,1.020.125
2014-12-26,10.75,77.0,7.6375,1017.75
2014-12-27,10.375,69.0,2.775,1.018.625
2014-12-28,9.0,86.0,0.7,1019.75
2014-12-29,11.125,72.625,1.3875,1017.25
2014-12-30,11.625,70.625,2.55,1.014.625
2014-12-31,12.375,67.125,2.7875,1.016.875
2015-01-01,14.75,72.0,925,1017.5
2015-01-02,14.875,96.625,3.0125,1.017.875
2015-01-03,15.125,92.0,925,1.017.375
2015-01-04,14.125,78.75,9.512.500.000.000.000,1.019.625
2015-01-05,14.0,69.375,15.049.999.999.999.900,1016.0
2015-01-06,12.0,79.875,43.999.999.999.999.900,1015.5
2015-01-07,9.625,86.0,3.9375,1.016.625
2015-01-08,10.0,87.875,3.4875,1.019.125
2015-01-09,10.625,80.625,1.625,1.020.125
2015-01-10,11.125,73.125,44.125.000.000.000.000,1.018.875
2015-01-11,11.0,80.75,4.8625,1.019.125
2015-01-12,10.625,79.5,925,1019.5
2015-01-13,12.25,77.875,4.875,1.017.125
2015-01-14,12.0,82.25,51.000.000.000.000.000,1017.5
2015-01-15,12.375,79.125,925,1.019.375
2015-01-16,13.0,78.125,4.6375,1019.25
2015-01-17,13.5,76.625,1.8625,1019.25
2015-01-18,13.0,73.875,25.500.000.000.000.000,1018.75
2015-01-19,13.75,78.0,1.85,1.018.875
2015-01-20,13.375,74.375,7.1875,1020.0
2015-01-21,13.25,73.375,36.999.999.999.999.900,1021.0
2015-01-22,12.625,94.125,3.2375,1.020.625
2015-01-23,14.625,85.0,1.1625,1020.0
2015-01-24,12.375,86.25,9.737.499.999.999.990,1020.75
2015-01-25,13.25,77.75,4.1625,1.020.375
2015-01-26,13.75,88.125,925,1.019.875
2015-01-27,13.25,74.25,5.3375,10.193.333.333.333.300
2015-01-28,11.714.285.714.285.700,67.0,27.775.000.000.000.000,1018.25
2015-01-29,11.5,67.5,3.9375,1019.75
2015-01-30,12.75,56.125,12.037.500.000.000.000,1.020.375
2015-01-31,13.75,57.625,9.025,1.017.875
2015-02-01,15.0,65.25,51.000.000.000.000.000,1017.75
2015-02-02,17.375,63.875,11.8125,1017.5
2015-02-03,16.75,71.25,7.175.000.000.000.000,1020.5
2015-02-04,14.625,81.125,9.25,1022.0
2015-02-05,14.625,62.875,73.999.999.999.999.900,1019.25
2015-02-06,15.125,62.625,3.0125,1019.0
2015-02-07,15.875,67.625,1.85,1017.0
2015-02-08,16.625,63.875,44.125.000.000.000.000,1.017.375
2015-02-09,16.875,63.5,5.55,1019.75
2015-02-10,15.75,64.0,4.625,1019.75
2015-02-11,16.0,66.625,1.85,1.017.125
2015-02-12,15.5,69.625,6.025,1.016.125
2015-02-13,17.25,59.0,6.725,1.012.625
2015-02-14,19.375,63.125,4.1625,1.009.625
2015-02-15,18.875,70.125,13.875.000.000.000.000,1.012.625
2015-02-16,20.625,71.25,10.425,1.013.625
2015-02-17,21.142.857.142.857.100,7.257.142.857.142.850,5.028.571.428.571.420,10.118.571.428.571.400
2015-02-18,21.25,72.875,51.000.000.000.000.000,1011.75
2015-02-19,22.75,73.5,7.65,1012.0
2015-02-20,22.75,67.125,7.187.500.000.000.000,1.013.875
2015-02-21,21.875,63.5,11.3375,1.014.125
2015-02-22,22.142.857.142.857.100,58.857.142.857.142.800,14.812.499.999.999.900,1.013.375
2015-02-23,21.5,74.375,30.250.000.000.000.000,1014.25
2015-02-24,22.875,72.375,6.0375,1.010.625
2015-02-25,23.125,58.625,6.5,1008.5
2015-02-26,20.0,34.375,67.124.999.999.999.900,1.009.875
2015-02-27,19.25,43.125,5.800.000.000.000.000,1013.0
2015-02-28,21.25,45.5,6.950.000.000.000.000,1013.0
2015-03-01,17.375,92.75,148.125,1.011.125
2015-03-02,17.5,89.875,6.725,1012.5
2015-03-03,16.25,82.5,5.5625,1013.75
2015-03-04,16.75,69.25,6.7125,1014.0
2015-03-05,18.75,64.0,3.7,1015.75
2015-03-06,20.0,62.375,5.0875,1.016.375
2015-03-07,18.375,80.375,4.175,10.137.142.857.142.800
2015-03-08,19.5,74.125,7.8875,1.015.375
2015-03-09,18.125,54.25,12.2625,1021.0
2015-03-10,17.75,68.5,8.5625,1.019.125
2015-03-11,18.25,69.875,6.025,1.018.125
2015-03-12,20.5,63.375,5.325.000.000.000.000,1017.0
2015-03-13,21.375,65.25,4.175.000.000.000.000,1014.75
2015-03-14,21.5,64.625,7.875,1.015.125
2015-03-15,17.625,89.125,11.575.000.000.000.000,1015.5
2015-03-16,19.857.142.857.142.800,8.185.714.285.714.280,8.5625,1.017.375
2015-03-17,20.875,70.375,13.2,1.015.875
2015-03-18,20.25,69.625,12.262.500.000.000.000,1013.5
2015-03-19,21.125,66.0,5.3375,1.014.875
2015-03-20,22.5,65.75,9.025,1.014.875
2015-03-21,24.875,60.5,5.7875,1.014.875
2015-03-22,25.125,64.0,10.2,1012.0
2015-03-23,24.75,65.75,7.637.499.999.999.990,1010.0
2015-03-24,25.75,65.5,13.875.000.000.000.000,1010.25
2015-03-25,26.625,65.625,2.55,10.118.571.428.571.400
2015-03-26,28.5,54.375,9.2625,1013.0
2015-03-27,27.375,51.375,7.65,1012.0
2015-03-28,27.0,53.625,37.125.000.000.000.000,1.009.625
2015-03-29,25.0,52.75,131.875,1.008.625
2015-03-30,23.5,66.25,148.125,1.010.375
2015-03-31,25.25,64.875,3.7,10.101.428.571.428.500
2015-04-01,26.428.571.428.571.400,59.714.285.714.285.700,6.7125,1007.5
2015-04-02,28.714.285.714.285.700,45.285.714.285.714.200,10.174.999.999.999.900,1.004.625
2015-04-03,24.5,71.125,6.9625,1004.75
2015-04-04,21.0,77.5,13.875.000.000.000.000,1005.25
2015-04-05,23.571.428.571.428.500,6.771.428.571.428.570,17.6,1007.75
2015-04-06,25.0,60.125,2.775,1007.75
2015-04-07,23.75,62.125,9.7375,1010.25
2015-04-08,25.625,50.375,6.712.500.000.000.000,1012.0
2015-04-09,26.0,52.875,9.0375,1010.5
2015-04-10,27.125,52.25,6.25,1008.5
2015-04-11,28.25,44.875,8.1,1.008.375
2015-04-12,24.375,63.0,5.325,1.012.375
2015-04-13,24.75,70.875,6.950.000.000.000.000,1013.75
2015-04-14,26.25,62.75,3.0125,1012.75
2015-04-15,27.625,59.25,57.875.000.000.000.000,1.012.875
2015-04-16,25.25,58.25,8.1125,1.013.875
2015-04-17,28.125,48.75,8.3375,1.007.125
2015-04-18,30.125,44.5,5.562.500.000.000.000,1.002.375
2015-04-19,32.125,41.0,4.175,1.003.875
2015-04-20,32.875,37.875,7.1875,1005.75
2015-04-21,31.75,28.5,11.1125,1.005.625
2015-04-22,30.75,30.25,11.349.999.999.999.900,1.003.125
2015-04-23,30.75,33.0,8.1,1004.0
2015-04-24,31.125,39.5,25.500.000.000.000.000,1.004.375
2015-04-25,30.5,43.125,12.975,1.005.875
2015-04-26,28.75,51.125,15.737.499.999.999.900,1008.0
2015-04-27,30.125,53.0,175.875,1006.75
2015-04-28,31.0,48.25,12.5125,1004.5
2015-04-29,31.25,47.25,9.025,1005.0
2015-04-30,32.625,44.75,15.05,1004.0
2015-05-01,31.25,43.5,5.3375,1.005.875
2015-05-02,30.125,40.25,4.4,1006.25
2015-05-03,31.0,39.25,30.124.999.999.999.900,1.006.625
2015-05-04,30.875,39.25,3.9375,1.006.625
2015-05-05,32.125,31.125,76.499.999.999.999.900,1.003.875
2015-05-06,34.125,22.0,11.362.499.999.999.900,1.001.875
2015-05-07,3.542.857.142.857.140,13.428.571.428.571.400,15.342.857.142.857.100,10.035.714.285.714.200
2015-05-08,34.125,22.375,12.274.999.999.999.900,1003.25
2015-05-09,35.125,27.0,8.3375,1.001.625
2015-05-10,35.125,25.0,6.9625,1.001.375
2015-05-11,34.0,32.625,10.887.500.000.000.000,1.003.625
2015-05-12,33.125,46.0,60.375.000.000.000.000,1.004.875
2015-05-13,27.75,61.0,6.7125,1.006.125
2015-05-14,29.625,49.625,4.4125,1007.25
2015-05-15,28.5,52.125,7.175.000.000.000.000,1006.5
2015-05-16,30.0,51.625,4.1625,1003.25
2015-05-17,33.25,40.375,8.35,1.001.125
2015-05-18,35.375,35.75,5.562.500.000.000.000,1000.0
2015-05-19,31.5,44.0,14.812.500.000.000.000,1.002.125
2015-05-20,33.125,31.625,14.600.000.000.000.000,1002.0
2015-05-21,35.625,24.625,11.3375,1.000.375
2015-05-22,36.25,19.5,12.5125,998.125
2015-05-23,37.375,21.75,12.725.000.000.000.000,996.125
2015-05-24,36.0,29.25,51.000.000.000.000.000,997.375
2015-05-25,37.75,22.25,10.875,996.875
2015-05-26,35.25,26.625,17.125,1001.5
2015-05-27,33.75,20.5,6.7125,1001.25
2015-05-28,34.75,29.5,8.3375,1.000.625
2015-05-29,35.125,27.25,8.125,1.001.625
2015-05-30,32.25,38.75,12.2625,1.003.875
2015-05-31,34.25,25.0,145.875,1001.75
2015-06-01,29.375,41.75,12.512.500.000.000.000,1003.25
2015-06-02,31.625,39.25,8.575,1003.5
2015-06-03,28.625,50.5,67.250.000.000.000.000,1.004.625
2015-06-04,31.875,48.375,4.8625,1004.0
2015-06-05,32.625,39.875,6.0125,1003.5
2015-06-06,33.375,39.75,7.862.500.000.000.000,1.001.375
2015-06-07,35.0,36.25,7.175.000.000.000.000,999.25
2015-06-08,36.5,33.0,6.25,998.875
2015-06-09,37.625,23.875,18.75,998.875
2015-06-10,36.625,32.285.714.285.714.200,18.049.999.999.999.900,999.625
2015-06-11,35.625,34.75,18.287.499.999.999.900,1000.0
2015-06-12,35.875,34.625,12.737.499.999.999.900,998.5
2015-06-13,31.125,48.125,10.1875,9.988.571.428.571.420
2015-06-14,27.0,77.625,3.95,10.002.857.142.857.100
2015-06-15,31.0,60.75,3.0125,9.995.714.285.714.280
2015-06-16,32.375,52.125,2.7875,9.991.428.571.428.570
2015-06-17,33.875,49.75,3.25,998.0
2015-06-18,35.125,45.125,3.0125,997.625
2015-06-19,35.875,46.75,8.575,996.25
2015-06-20,33.125,48.5,12.975,997.875
2015-06-21,30.375,63.625,8.1125,998.125
2015-06-22,32.125,59.5,4.4,995.625
2015-06-23,31.5,61.625,6.012.500.000.000.000,995.0
2015-06-24,37.25,63.875,6.5,995.375
2015-06-25,26.625,82.75,6.2625,994.75
2015-06-26,31.125,54.25,11.5625,995.25
2015-06-27,32.625,48.25,14.112.499.999.999.900,997.125
2015-06-28,34.25,47.5,9.0375,10.002.857.142.857.100
2015-06-29,31.125,56.625,11.562.500.000.000.000,1.003.625
2015-06-30,30.875,58.625,9.9625,1.002.625
2015-07-01,32.0,53.25,4.175.000.000.000.000,1.001.875
2015-07-02,33.75,45.875,6.949.999.999.999.990,1.001.125
2015-07-03,33.0,49.0,14.35,999.625
2015-07-04,34.125,51.5,16.900.000.000.000.000,997.5
2015-07-05,35.714.285.714.285.700,47.285.714.285.714.200,14.014.285.714.285.700,9.954.285.714.285.710
2015-07-06,27.875,83.25,9.275,997.875
2015-07-07,28.125,86.125,1.85,998.125
2015-07-08,31.25,72.0,27.750.000.000.000.000,998.625
2015-07-09,29.625,77.25,2.55,998.625
2015-07-10,26.625,92.125,6.025,998.75
2015-07-11,25.5,98.0,32.375.000.000.000.000,9.993.333.333.333.330
2015-07-12,25.5,94.75,7.425.000.000.000.000,998.625
2015-07-13,29.875,73.125,4.8625,1.000.625
2015-07-14,30.875,67.875,10.875,9.978.571.428.571.420
2015-07-15,33.375,52.875,17.137.500.000.000.000,993.75
2015-07-16,31.75,61.375,13.437.499.999.999.900,994.75
2015-07-17,30.75,75.625,4.4,997.25
2015-07-18,29.5,78.875,4.175,998.0
2015-07-19,30.125,70.0,0.7,997.625
2015-07-20,29.125,78.0,4.8625,999.125
2015-07-21,31.375,69.25,8.125,1000.0
2015-07-22,32.25,64.125,7.875.000.000.000.000,1.001.125
2015-07-23,32.125,64.875,8.575.000.000.000.000,1001.75
2015-07-24,32.0,64.75,6.7125,1001.0
2015-07-25,30.857.142.857.142.800,71.0,199.125,9.985.714.285.714.280
2015-07-26,30.0,71.625,168.875,998.875
2015-07-27,29.625,69.0,11.3375,10.002.857.142.857.100
2015-07-28,29.5,61.0,11.587.499.999.999.900,1.000.125
2015-07-29,28.5,68.125,10.875,998.0
2015-07-30,29.0,67.75,9.9625,998.875
2015-07-31,29.0,71.0,4.175.000.000.000.000,999.75
2015-08-01,28.25,71.75,925,1002.75
2015-08-02,29.625,69.5,2.55,1.003.625
2015-08-03,31.5,58.625,5.325,1.001.875
2015-08-04,29.428.571.428.571.400,7.778.571.428.571.420,4.771.428.571.428.570,10.000.714.285.714.200
2015-08-05,2.959.375,7.965.625,8.221.875,100.028.125
2015-08-06,29.5,79.125,30.250.000.000.000.000,998.0
2015-08-07,29.25,83.0,2.3125,1000.0
2015-08-08,28.875,84.875,1.625,1002.0
2015-08-09,27.375,90.125,3.0125,1000.25
2015-08-10,30.375,77.0,0.0,1000.0
2015-08-11,28.375,86.625,4.625,1003.0
2015-08-12,30.75,74.25,0.0,1.003.125
2015-08-13,32.0,69.5,4.625,1.001.875
2015-08-14,30.875,72.625,34.749.999.999.999.900,1002.0
2015-08-15,28.5,85.5,0.0,1002.75
2015-08-16,28.625,82.625,1.85,1.002.875
2015-08-17,30.75,72.625,0.7,1.001.375
2015-08-18,29.125,72.875,4.875,10.025.714.285.714.200
2015-08-19,31.25,61.25,33.325,1.002.375
2015-08-20,30.75,58.625,14.6,1.001.375
2015-08-21,29.375,72.0,8.575,1002.0
2015-08-22,30.25,65.375,5.800.000.000.000.000,1.000.875
2015-08-23,29.875,69.375,5.5625,10.008.571.428.571.400
2015-08-24,30.75,65.625,7.1875,1001.75
2015-08-25,32.0,57.285.714.285.714.200,10.071.428.571.428.500,1001.0
2015-08-26,32.0,61.0,4.862.500.000.000.000,1.001.125
2015-08-27,32.5,61.0,5.325.000.000.000.000,1002.0
2015-08-28,32.0,63.5,2.3125,1002.25
2015-08-29,32.25,58.0,5.812.500.000.000.000,1.001.375
2015-08-30,32.625,56.5,9.274.999.999.999.990,1.001.375
2015-08-31,31.857.142.857.142.800,5.442.857.142.857.140,13.485.714.285.714.200,10.018.333.333.333.300
2015-09-01,32.125,47.625,15.275,10.008.571.428.571.400
2015-09-02,31.875,45.625,12.737.499.999.999.900,1001.75
2015-09-03,31.625,49.125,10.1875,1005.5
2015-09-04,32.0,42.625,11.35,1.007.875
2015-09-05,30.875,47.25,7.637.499.999.999.990,1.007.125
2015-09-06,31.25,41.8,7.6375,1006.25
2015-09-07,31.5,46.375,9.4875,1005.75
2015-09-08,31.625,47.0,11.8125,1005.5
2015-09-09,31.0,47.875,10.1875,1.005.625
2015-09-10,31.25,46.5,8.575.000.000.000.000,1006.75
2015-09-11,30.75,49.75,6.012.499.999.999.990,1006.25
2015-09-12,32.142.857.142.857.100,5.442.857.142.857.140,31.714.285.714.285.700,1006.0
2015-09-13,32.125,55.25,13.875.000.000.000.000,1.005.875
2015-09-14,31.875,54.375,2.55,1.003.625
2015-09-15,33.0,55.0,4.625,1003.25
2015-09-16,32.375,55.0,1.4,1.003.625
2015-09-17,31.375,58.375,1.1625,1.004.375
2015-09-18,31.0,67.625,74.125.000.000.000.000,1.005.125
2015-09-19,30.625,74.25,20.875.000.000.000.000,1.003.625
2015-09-20,29.142.857.142.857.100,6.914.285.714.285.710,5.557.142.857.142.850,10.028.571.428.571.400
2015-09-21,30.125,64.5,5.800.000.000.000.000,1002.5
2015-09-22,30.25,64.375,10.187.499.999.999.900,1002.5
2015-09-23,28.625,61.25,13.675,1.006.375
2015-09-24,28.25,52.375,11.575,1.004.625
2015-09-25,28.5,49.375,8.575,1003.75
2015-09-26,29.25,53.5,6.25,1005.25
2015-09-27,28.714.285.714.285.700,58.142.857.142.857.100,29.142.857.142.857.100,1007.0
2015-09-28,28.25,58.5,3.9375,1009.0
2015-09-29,29.0,5.457.142.857.142.850,9.528.571.428.571.420,10.105.714.285.714.200
2015-09-30,29.0,46.875,8.3375,1.011.375
2015-10-01,28.125,51.25,5.574.999.999.999.990,1012.0
2015-10-02,28.285.714.285.714.200,53.714.285.714.285.700,145.875,1010.75
2015-10-03,30.0,52.333.333.333.333.300,18.785.714.285.714.200,10.087.142.857.142.800
2015-10-04,29.0,54.375,30.250.000.000.000.000,1.008.125
2015-10-05,28.875,59.375,13.875.000.000.000.000,1009.25
2015-10-06,28.375,61.125,4.6375,1009.0
2015-10-07,28.625,65.75,64.750.000.000.000.000,1.009.125
2015-10-08,28.375,65.125,44.125.000.000.000.000,1007.5
2015-10-09,28.5,59.75,6.025,1004.25
2015-10-10,28.5,54.625,6.7125,1005.0
2015-10-11,28.571.428.571.428.500,5.157.142.857.142.850,6.885.714.285.714.280,10.087.142.857.142.800
2015-10-12,29.25,54.125,3.25,1010.0
2015-10-13,29.5,62.875,37.250.000.000.000.000,1011.0
2015-10-14,28.125,63.625,4.875.000.000.000.000,1013.25
2015-10-15,27.5,66.0,4.625,1013.5
2015-10-16,27.875,62.625,925,1013.5
2015-10-17,28.0,63.75,3.7125,1012.25
2015-10-18,26.857.142.857.142.800,7.171.428.571.428.570,11.1125,1.013.125
2015-10-19,28.142.857.142.857.100,6.628.571.428.571.420,34.571.428.571.428.500,10.117.142.857.142.800
2015-10-20,27.714.285.714.285.700,6.485.714.285.714.280,29.142.857.142.857.100,10.098.571.428.571.400
2015-10-21,26.5,62.125,2.0875,1.011.875
2015-10-22,24.75,56.0,4.4,1012.25
2015-10-23,24.0,51.625,4.862.500.000.000.000,1.011.875
2015-10-24,24.875,53.25,14.000.000.000.000.000,1.011.625
2015-10-25,26.375,47.125,5.575,1012.75
2015-10-26,25.625,52.125,5.574.999.999.999.990,1.014.875
2015-10-27,24.75,54.25,34.749.999.999.999.900,1.013.875
2015-10-28,20.875,57.25,7.875.000.000.000.000,1.015.875
2015-10-29,22.125,63.5,1.85,1.016.875
2015-10-30,22.375,67.25,1.625,1.016.375
2015-10-31,22.375,69.375,1.1625,1.016.125
2015-11-01,22.875,70.5,925,1016.25
2015-11-02,23.375,71.375,4.625,1.015.875
2015-11-03,24.0,67.875,475,1014.25
2015-11-04,23.75,69.0,925,1012.25
2015-11-05,22.125,75.25,5.100.000.000.000.000,1.012.375
2015-11-06,22.875,74.375,2.325,1012.75
2015-11-07,21.875,74.875,1.1625,1.014.625
2015-11-08,21.875,70.25,18.624.999.999.999.900,1.015.875
2015-11-09,21.75,73.625,0.7,1015.0
2015-11-10,22.75,72.625,0.7,1013.5
2015-11-11,21.875,59.5,4.6375,1.014.375
2015-11-12,21.875,60.5,5.7875,1.015.375
2015-11-13,22.375,59.375,5.325,1.014.875
2015-11-14,22.375,59.625,3.475,1012.0
2015-11-15,22.5,62.0,0.0,1012.0
2015-11-16,21.875,50.375,27.874.999.999.999.900,1.012.625
2015-11-17,19.875,48.375,51.000.000.000.000.000,1013.5
2015-11-18,18.5,57.625,4.4,1.016.375
2015-11-19,18.5,64.75,925,1017.5
2015-11-20,18.5,66.0,4.625,1.016.125
2015-11-21,18.75,67.625,13.875.000.000.000.000,1015.5
2015-11-22,18.625,64.875,4.625,1.015.125
2015-11-23,17.0,73.5,0.0,1.015.875
2015-11-24,18.5,63.0,1.625,1016.0
2015-11-25,19.375,56.375,57.875.000.000.000.000,1014.75
2015-11-26,20.0,59.5,925,1012.75
2015-11-27,18.5,66.25,2.55,1011.25
2015-11-28,18.75,82.125,1.1625,1.015.375
2015-11-29,18.125,81.25,1.1625,1018.0
2015-11-30,19.5,82.375,925,1016.75
2015-12-01,19.25,78.75,1.625,1014.75
2015-12-02,18.125,72.125,2.0875,1.016.125
2015-12-03,17.625,70.25,7.1875,1016.0
2015-12-04,17.625,67.5,4.6375,1015.0
2015-12-05,17.5,72.375,925,1.015.875
2015-12-06,17.125,75.875,14.000.000.000.000.000,1016.5
2015-12-07,17.625,76.875,2.3125,1017.25
2015-12-08,18.428.571.428.571.400,7.128.571.428.571.420,10.571.428.571.428.500,10.157.142.857.142.800
2015-12-09,18.375,78.125,3.475,1015.25
2015-12-10,19.0,77.25,20.875.000.000.000.000,1011.75
2015-12-11,17.25,77.875,51.000.000.000.000.000,1.011.375
2015-12-12,13.25,91.0,43.999.999.999.999.900,1014.25
2015-12-13,12.875,67.0,3.475,1016.5
2015-12-14,13.25,63.625,7.400.000.000.000.000,1017.0
2015-12-15,13.125,63.875,5.325,1016.5
2015-12-16,13.0,65.5,1.1625,1.016.375
2015-12-17,12.25,73.625,925,1.016.875
2015-12-18,12.875,71.25,4.4,1.018.625
2015-12-19,12.375,71.875,3.4875,1019.0
2015-12-20,11.75,70.25,1.1625,1018.5
2015-12-21,12.625,74.75,13.875.000.000.000.000,1.018.875
2015-12-22,12.0,79.875,0.7,1.020.875
2015-12-23,12.5,81.375,34.875.000.000.000.000,1.020.625
2015-12-24,11.25,68.625,6.025,1021.25
2015-12-25,11.5,66.125,5.5625,1022.0
2015-12-26,12.75,64.5,6.4875,1.021.125
2015-12-27,15.375,63.25,7.8875,1.020.625
2015-12-28,17.125,58.125,10.8875,1.020.875
2015-12-29,16.375,65.0,74.125.000.000.000.000,1.018.125
2015-12-30,15.5,71.75,20.999.999.999.999.900,1017.5
2015-12-31,15.0,71.375,2.0875,1020.5
2016-01-01,14.714.285.714.285.700,7.228.571.428.571.420,10.571.428.571.428.500,10.211.428.571.428.500
2016-01-02,14.0,75.875,2.0875,1021.0
2016-01-03,14.375,74.75,5.112.500.000.000.000,1018.5
2016-01-04,15.75,77.125,0.0,1.017.625
2016-01-05,15.833.333.333.333.300,8.883.333.333.333.330,6.166.666.666.666.660,1017.0
2016-01-06,17.375,81.625,2.3125,1016.5
2016-01-07,17.125,87.0,0.0,1.018.125
2016-01-08,15.5,83.25,7.887.500.000.000.000,1017.25
2016-01-09,15.857.142.857.142.800,6.514.285.714.285.710,8.471.428.571.428.570,10.154.285.714.285.700
2016-01-10,15.625,74.375,2.775,1017.5
2016-01-11,15.75,74.875,1.625,1017.5
2016-01-12,18.0,696.875,603.125,10.149.375
2016-01-13,18.266.666.666.666.600,75.8,05.08,10.143.333.333.333.300
2016-01-14,155.625,804.375,4.300.000.000.000.000,1.016.125
2016-01-15,13.0,841.875,10.775,1017.0
2016-01-16,13.6,8.006.666.666.666.660,11.239.999.999.999.900,1014.6
2016-01-17,14.0,7.766.666.666.666.660,21.066.666.666.666.600,1016.2
2016-01-18,13.266.666.666.666.600,8.046.666.666.666.660,14.800.000.000.000.000,10.147.333.333.333.300
2016-01-19,12.357.142.857.142.800,8.857.142.857.142.850,4.65,10.152.857.142.857.100
2016-01-20,12.066.666.666.666.600,84.2,6.193.333.333.333.330,10.186.666.666.666.600
2016-01-21,12.1875,731.875,7.887.499.999.999.990,10.201.875
2016-01-22,11.733.333.333.333.300,83.4,3.586.666.666.666.660,10.194.666.666.666.600
2016-01-23,144.375,75.875,32.500.000.000.000.000,10.198.125
2016-01-24,11.1875,86.25,6.624.999.999.999.990,10.190.625
2016-01-25,11.666.666.666.666.600,75.4,4.58,1017.2
2016-01-26,145.625,796.875,25.500.000.000.000.000,1.015.375
2016-01-27,17.583.333.333.333.300,6.916.666.666.666.660,4.025,10.141.666.666.666.600
2016-01-28,16.857.142.857.142.800,6.935.714.285.714.280,5.028.571.428.571.420,10.150.714.285.714.200
2016-01-29,195.625,70.625,254.375,1.017.375
2016-01-30,20.142.857.142.857.100,78.5,1.2,1014.5
2016-01-31,17.375,78.25,7.762.500.000.000.000,1016.0
2016-02-01,15.846.153.846.153.800,6.576.923.076.923.070,7.269.230.769.230.760,10.171.538.461.538.400
2016-02-02,15.266.666.666.666.600,5.586.666.666.666.660,8.893.333.333.333.330,1018.2
2016-02-03,13.125,66.5,7.622.222.222.222.220,1018.0
2016-02-04,16.363.636.363.636.300,53.0,6.941.666.666.666.660,10.173.333.333.333.300
2016-02-05,12.666.666.666.666.600,7.066.666.666.666.660,21.666.666.666.666.600,10.168.333.333.333.300
2016-02-06,15.333.333.333.333.300,69.5,36.999.999.999.999.900,10.133.333.333.333.300
2016-02-07,15.625,77.0,2.7875,1015.75
2016-02-08,1.709.090.909.090.900,6.718.181.818.181.810,5.9,10.170.909.090.909.000
2016-02-09,1.776.923.076.923.070,6.746.153.846.153.840,5.846.153.846.153.840,10.146.923.076.923.000
2016-02-10,18.133.333.333.333.300,6.486.666.666.666.660,2.1,10.127.333.333.333.300
2016-02-11,196.875,54.75,603.125,1011.25
2016-02-12,19.2,5.786.666.666.666.660,7.466.666.666.666.660,10.125.333.333.333.300
2016-02-13,17.066.666.666.666.600,6.213.333.333.333.330,58.066.666.666.666.600,10.148.666.666.666.600
2016-02-14,17.642.857.142.857.100,6.192.857.142.857.140,8.071.428.571.428.570,10.172.142.857.142.800
2016-02-15,17.6,5.953.333.333.333.330,5.94,10.187.333.333.333.300
2016-02-16,18.214.285.714.285.700,56.142.857.142.857.100,5.435.714.285.714.280,10.200.714.285.714.200
2016-02-17,18.714.285.714.285.700,59.285.714.285.714.200,37.071.428.571.428.500,10.191.428.571.428.500
2016-02-18,19.466.666.666.666.600,76.0,5.186.666.666.666.660,1017.4
2016-02-19,23.153.846.153.846.100,7.023.076.923.076.920,41.461.538.461.538.400,10.146.153.846.153.800
2016-02-20,23.625,73.125,1.111.875,1.014.125
2016-02-21,21.0,61.125,17.137.500.000.000.000,1014.75
2016-02-22,21.0,5.142.857.142.857.140,15.207.142.857.142.800,10.144.285.714.285.700
2016-02-23,21.428.571.428.571.400,50.642.857.142.857.100,9.785.714.285.714.280,1012.5
2016-02-24,216.875,580.625,24.437.500.000.000.000,10.129.375
2016-02-25,225.625,57.5,5.3375,1015.5
2016-02-26,22.8,55.6,2.48,1018.4
2016-02-27,22.8,59.0,3.333.333.333.333.330,10.184.666.666.666.600
2016-02-28,23.0,630.625,3.712.500.000.000.000,10.189.375
2016-02-29,23.875,639.375,3.712.500.000.000.000,1.018.625
2016-03-01,24.916.666.666.666.600,57.416.666.666.666.600,1.7,1015.0
2016-03-02,24.933.333.333.333.300,5.706.666.666.666.660,17.333.333.333.333.300,1015.4
2016-03-03,26.0,5.561.538.461.538.460,4.292.307.692.307.690,10.146.153.846.153.800
2016-03-04,273.125,44.25,614.375,10.126.875
2016-03-05,23.933.333.333.333.300,5.713.333.333.333.330,11.0,10.126.666.666.666.600
2016-03-06,228.125,665.625,521.875,10.130.625
2016-03-07,23.714.285.714.285.700,6.414.285.714.285.710,5.171.428.571.428.570,10.123.571.428.571.400
2016-03-08,23.428.571.428.571.400,60.214.285.714.285.700,6.742.857.142.857.140,10.116.428.571.428.500
2016-03-09,24.0,575.625,9.375,10.120.625
2016-03-10,255.625,574.375,7.981.249.999.999.990,10.131.875
2016-03-11,25.066.666.666.666.600,67.8,6.546.666.666.666.660,10.125.333.333.333.300
2016-03-12,245.625,669.375,9.487.499.999.999.990,10.095.625
2016-03-13,24.25,651.875,684.375,10.111.875
2016-03-14,22.375,66.0,6.275,10.143.125
2016-03-15,24.066.666.666.666.600,5.893.333.333.333.330,8.646.666.666.666.660,10.148.666.666.666.600
2016-03-16,239.375,53.75,1.088.125,10.128.125
2016-03-17,263.125,503.125,684.375,10.104.375
2016-03-18,261.875,61.25,6.7125,10.098.125
2016-03-19,26.785.714.285.714.200,61.857.142.857.142.800,3.578.571.428.571.420,10.092.142.857.142.800
2016-03-20,27.133.333.333.333.300,58.733.333.333.333.300,28.466.666.666.666.600,10.103.333.333.333.300
2016-03-21,26.625,43.375,12.2625,1.011.125
2016-03-22,250.625,37.875,22.1,1.009.375
2016-03-23,26.2,43.266.666.666.666.600,10.641.666.666.666.600,1010.0
2016-03-24,28.133.333.333.333.300,4.686.666.666.666.660,32.133.333.333.333.300,10.133.333.333.333.300
2016-03-25,29.875,501.875,33.687.500.000.000.000,10.131.875
2016-03-26,24.666.666.666.666.600,62.666.666.666.666.600,9.393.333.333.333.330,1013.6
2016-03-27,26.25,536.875,9.156.249.999.999.990,10.128.125
2016-03-28,25.933.333.333.333.300,52.8,6.546.666.666.666.660,7.679.333.333.333.330
2016-03-29,27.125,47.75,7.293.749.999.999.990,10.113.125
2016-03-30,29.571.428.571.428.500,39.785.714.285.714.200,7.021.428.571.428.570,10.111.428.571.428.500
2016-03-31,30.0,39.733.333.333.333.300,4.333.333.333.333.330,1009.2
2016-04-01,30.571.428.571.428.500,38.214.285.714.285.700,12.035.714.285.714.200,10.067.142.857.142.800
2016-04-02,323.125,385.625,5.4625,1008.0
2016-04-03,333.125,44.25,2.55,1.008.375
2016-04-04,328.125,33.125,8.0,10.066.875
2016-04-05,323.125,293.125,9.268.749.999.999.990,1007.0
2016-04-06,31.375,33.125,3.475,1.006.875
2016-04-07,29.933.333.333.333.300,37.0,10.85,10.072.666.666.666.600
2016-04-08,29.266.666.666.666.600,36.0,4.686.666.666.666.660,1009.2
2016-04-09,30.733.333.333.333.300,3.246.666.666.666.660,1.261.875,10.093.125
2016-04-10,32.25,29.0,5.225,10.088.125
2016-04-11,29.8,35.0,16.04,1009.4
2016-04-12,30.2,36.2,19.380.000.000.000.000,10.063.333.333.333.300
2016-04-13,31.75,280.625,18.643.749.999.999.900,10.033.125
2016-04-14,33.125,23.875,10.425,10.038.125
2016-04-15,33.625,25.375,9.8375,1.004.625
2016-04-16,356.875,236.875,11.112.499.999.999.900,10.030.625
2016-04-17,34.666.666.666.666.600,23.866.666.666.666.600,9.386.666.666.666.660,10.026.666.666.666.600
2016-04-18,34.625,30.125,7.175,10.046.875
2016-04-19,34.0,33.6,4.566.666.666.666.660,10.058.666.666.666.600
2016-04-20,340.625,259.375,1.401.875,10.064.375
2016-04-21,34.0,24.666.666.666.666.600,15.75,1003.4
2016-04-22,33.25,24.25,8.35,10.017.272.727.272.700
2016-04-23,31.916.666.666.666.600,21.818.181.818.181.800,19.653.846.153.846.100,10.018.461.538.461.500
2016-04-24,313.125,22.125,10.1875,10.030.625
2016-04-25,31.75,228.125,6.949.999.999.999.990,10.055.625
2016-04-26,334.375,251.875,38.312.500.000.000.000,10.071.875
2016-04-27,33.125,290.625,4.981.249.999.999.990,10.056.875
2016-04-28,3.415.384.615.384.610,2.176.923.076.923.070,11.823.076.923.076.900,10.046.923.076.923.000
2016-04-29,3.407.142.857.142.850,23.285.714.285.714.200,9.123.076.923.076.920,10.057.142.857.142.800
2016-04-30,330.625,255.625,5.2125,10.048.125
2016-05-01,346.875,23.375,8.575,10.024.375
2016-05-02,38.0,18.466.666.666.666.600,9.513.333.333.333.330,1002.2
2016-05-03,35.5,30.375,64.937.499.999.999.900,10.043.125
2016-05-04,33.714.285.714.285.700,31.857.142.857.142.800,10.464.285.714.285.700,10.037.857.142.857.100
2016-05-05,30.6,42.0,11.246.666.666.666.600,10.074.666.666.666.600
2016-05-06,314.375,374.375,8.225,1007.0
2016-05-07,333.125,371.875,4.65,10.055.625
2016-05-08,3.513.333.333.333.330,36.333.333.333.333.300,7.293.333.333.333.330,10.059.333.333.333.300
2016-05-09,3.353.333.333.333.330,40.6,18.425,10.060.625
2016-05-10,34.0,39.75,1.055.625,10.065.625
2016-05-11,32.5,499.375,7.774.999.999.999.990,10.060.625
2016-05-12,35.375,40.0,5.1,1002.25
2016-05-13,37.294.117.647.058.800,2.811.764.705.882.350,807.058.823.529.412,10.013.529.411.764.700
2016-05-14,365.625,31.875,416.875,1.003.125
2016-05-15,37.25,29.5,4.75,10.035.625
2016-05-16,37.214.285.714.285.700,23.5,9.019.999.999.999.990,1000.8
2016-05-17,37.5,258.125,9.612.499.999.999.990,9.989.375
2016-05-18,37.75,27.625,8.45,9.978.125
2016-05-19,37.375,40.5,9.3875,998.625
2016-05-20,37.4,44.2,8.413.333.333.333.330,9.969.333.333.333.330
2016-05-21,3.613.333.333.333.330,45.4,10.873.333.333.333.300,9.959.333.333.333.330
2016-05-22,36.8,44.8,6.553.333.333.333.330,9.964.666.666.666.660
2016-05-23,32.214.285.714.285.700,4.792.857.142.857.140,14.95,9.995.714.285.714.280
2016-05-24,31.526.315.789.473.600,53.526.315.789.473.600,8.494.736.842.105.260,10.007.368.421.052.600
2016-05-25,3.321.739.130.434.780,46.608.695.652.173.900,10.160.869.565.217.300,9.974.782.608.695.650
2016-05-26,3.526.923.076.923.070,4.457.692.307.692.300,1.517.692.307.692.300,9.991.538.461.538.460
2016-05-27,3.827.272.727.272.720,2.609.090.909.090.900,1.531.818.181.818.180,9.999.545.454.545.450
2016-05-28,360.625,37.25,14.405.555.555.555.500,9.998.333.333.333.330
2016-05-29,31.5,570.625,1.168.125,1001.25
2016-05-30,268.125,748.125,9.4875,10.038.125
2016-05-31,32.642.857.142.857.100,51.214.285.714.285.700,74.071.428.571.428.500,10.023.076.923.076.900
2016-06-01,36.0,42.2,9.133.333.333.333.330,10.027.333.333.333.300
2016-06-02,375.625,353.125,1.193.125,1002.0
2016-06-03,375.625,406.875,27.812.500.000.000.000,1002.25
2016-06-04,38.2,4.206.666.666.666.660,32.066.666.666.666.600,10.018.666.666.666.600
2016-06-05,36.166.666.666.666.600,51.75,8.5,10.028.333.333.333.300
2016-06-06,3.542.857.142.857.140,45.714.285.714.285.700,11.0,10.015.714.285.714.200
2016-06-07,34.625,591.875,21.306.250.000.000.000,10.020.625
2016-06-08,3.607.142.857.142.850,44.642.857.142.857.100,8.485.714.285.714.280,9.992.142.857.142.850
2016-06-09,35.733.333.333.333.300,43.733.333.333.333.300,9.26,9.380.666.666.666.660
2016-06-10,3.613.333.333.333.330,4.186.666.666.666.660,1.008.125,998.25
2016-06-11,334.375,499.375,8.812.500.000.000.000,999.0
2016-06-12,35.5,37.125,9.1625,9.988.125
2016-06-13,36.0,433.125,12.85,9.981.875
2016-06-14,32.625,55.125,11.859.999.999.999.900,9.978.125
2016-06-15,34.733.333.333.333.300,4.886.666.666.666.660,10.513.333.333.333.300,9.961.333.333.333.330
2016-06-16,33.5,51.285.714.285.714.200,1.139.285.714.285.710,999.0
2016-06-17,341.875,52.25,7.425,9.994.285.714.285.710
2016-06-18,35.857.142.857.142.800,5.057.142.857.142.850,10.857.142.857.142.800,10.008.571.428.571.400
2016-06-19,35.625,53.25,9.387.499.999.999.990,1.001.375
2016-06-20,309.375,739.375,7.643.750.000.000.000,10.006.875
2016-06-21,32.875,621.875,891.875,9.999.375
2016-06-22,33.125,608.125,7.418.750.000.000.000,10.015.625
2016-06-23,3.384.615.384.615.380,5.161.538.461.538.460,5.875.000.000.000.000,9.996.923.076.923.070
2016-06-24,364.375,465.625,7.762.499.999.999.990,9.983.125
2016-06-25,3.542.857.142.857.140,5.592.857.142.857.140,9.664.285.714.285.710,10.000.714.285.714.200
2016-06-26,3.486.666.666.666.660,5.746.666.666.666.660,7.660.000.000.000.000,1.000.375
2016-06-27,343.125,61.25,79.937.499.999.999.900,9.988.666.666.666.660
2016-06-28,30.785.714.285.714.200,7.507.142.857.142.850,5.435.714.285.714.280,1001.5
2016-06-29,35.375,58.875,8.449.999.999.999.990,10.011.875
2016-06-30,3.546.666.666.666.660,60.2,6.793.333.333.333.330,9.978.666.666.666.660
2016-07-01,32.125,73.4,8.35,10.025.625
2016-07-02,28.4,80.0,5.231.250.000.000.000,998.375
2016-07-03,295.625,78.125,196.875,998.25
2016-07-04,306.875,763.125,3.481.250.000.000.000,997.125
2016-07-05,33.25,686.875,5.3375,9.955.625
2016-07-06,33.266.666.666.666.600,6.406.666.666.666.660,8.878.571.428.571.420,9.968.666.666.666.660
2016-07-07,33.5,63.0,591.875,9.976.875
2016-07-08,30.8,7.586.666.666.666.660,54.333.333.333.333.300,997.4
2016-07-09,33.25,660.625,673.125,996.75
2016-07-10,325.625,656.875,4.7,9.960.625
2016-07-11,31.5,719.375,8.046.666.666.666.660,997.75
2016-07-12,30.5,801.875,5.5625,9.990.625
2016-07-13,31.25,763.125,6.806.666.666.666.660,9.984.375
2016-07-14,304.375,804.375,521.875,998.375
2016-07-15,31.0,780.625,7.271.428.571.428.570,998.625
2016-07-16,27.125,93.875,4.371.428.571.428.570,999.875
2016-07-17,28.125,865.625,66.000.000.000.000.000,10.013.333.333.333.300
2016-07-18,27.666.666.666.666.600,9.126.666.666.666.660,7.653.333.333.333.330,1000.8
2016-07-19,323.125,69.125,13.656.249.999.999.900,999.875
2016-07-20,341.875,595.625,12.9625,999.625
2016-07-21,3.413.333.333.333.330,5.686.666.666.666.660,11.479.999.999.999.900,9.992.666.666.666.660
2016-07-22,34.125,56.125,8.687.500.000.000.000,9.993.333.333.333.330
2016-07-23,31.875,66.0,7.768.750.000.000.000,1.001.625
2016-07-24,314.375,72.25,243.125,9.463.125
2016-07-25,319.375,69.125,29.125.000.000.000.000,1.001.875
2016-07-26,303.125,82.0,6.485.714.285.714.280,1.003.125
2016-07-27,283.125,88.25,4.293.750.000.000.000,1.004.625
2016-07-28,29.533.333.333.333.300,8.133.333.333.333.330,5.186.666.666.666.660,10.020.666.666.666.600
2016-07-29,27.375,924.375,243.125,10.009.375
2016-07-30,27.333.333.333.333.300,9.226.666.666.666.660,18.599.999.999.999.900,1001.2
2016-07-31,29.266.666.666.666.600,8.313.333.333.333.330,4.7,10.006.666.666.666.600
2016-08-01,29.125,84.25,59.125.000.000.000.000,999.125
2016-08-02,306.875,72.125,6.375,3.104.375
2016-08-03,325.625,635.625,5.45,998.5
2016-08-04,33.111.111.111.111.100,63.888.888.888.888.800,7.927.777.777.777.770,9.987.777.777.777.770
2016-08-05,33.8,61.666.666.666.666.600,4.319.999.999.999.990,9.993.333.333.333.330
2016-08-06,30.066.666.666.666.600,76.0,6.926.666.666.666.660,1000.8
2016-08-07,3.311.764.705.882.350,6.517.647.058.823.520,7.852.941.176.470.580,10.005.294.117.647.000
2016-08-08,3.380.952.380.952.380,6.238.095.238.095.230,9.440.909.090.909.090,9.996.363.636.363.630
2016-08-09,31.615.384.615.384.600,7.165.384.615.384.610,9.549.999.999.999.990,998.5
2016-08-10,32.0,7.125.925.925.925.920,10.159.259.259.259.200,9.993.703.703.703.700
2016-08-11,28.107.142.857.142.800,8.946.428.571.428.570,782.142.857.142.857,10.016.071.428.571.400
2016-08-12,29.035.714.285.714.200,85.0,3.848.148.148.148.140,10.022.857.142.857.100
2016-08-13,30.321.428.571.428.500,7.707.142.857.142.850,32.296.296.296.296.300,10.010.714.285.714.200
2016-08-14,28.933.333.333.333.300,83.7,6.369.999.999.999.990,633.9
2016-08-15,31.678.571.428.571.400,6.764.285.714.285.710,12.725,9.992.857.142.857.140
2016-08-16,31.333.333.333.333.300,6.641.666.666.666.660,1.466.666.666.666.660,-30.416.666.666.666.600
2016-08-17,29.928.571.428.571.400,72.5,6.325,9.995.185.185.185.180
2016-08-18,2.988.888.888.888.880,7.981.481.481.481.480,17.222.222.222.222.200,9.999.230.769.230.760
2016-08-19,3.207.142.857.142.850,6.828.571.428.571.420,1.917.857.142.857.140,9.998.928.571.428.570
2016-08-20,3.318.518.518.518.510,6.648.148.148.148.140,10.366.666.666.666.600,1000.16
2016-08-21,3.159.259.259.259.250,6.807.407.407.407.400,10.022.222.222.222.200,10.011.923.076.923.000
2016-08-22,3.218.518.518.518.510,6.555.555.555.555.550,8.237.037.037.037.030,10.028.888.888.888.800
2016-08-23,31.48,70.08,6.084,1003.24
2016-08-24,30.178.571.428.571.400,7.928.571.428.571.420,8.419.230.769.230.760,1002.5
2016-08-25,31.52,72.44,6.276.923.076.923.070,10.044.230.769.230.700
2016-08-26,3.122.222.222.222.220,7.381.481.481.481.480,4.392.592.592.592.590,10.052.222.222.222.200
2016-08-27,31.785.714.285.714.200,7.028.571.428.571.420,71.499.999.999.999.900,10.061.428.571.428.500
2016-08-28,33.4,66.24,72.719.999.999.999.900,1006.2
2016-08-29,29.571.428.571.428.500,8.232.142.857.142.850,5.825,10.036.071.428.571.400
2016-08-30,30.04,76.8,8.903.846.153.846.150,10.021.923.076.923.000
2016-08-31,2.725.925.925.925.920,8.955.555.555.555.550,6.729.629.629.629.630,10.030.370.370.370.300
2016-09-01,27.96,87.24,4.148,1002.44
2016-09-02,3.073.913.043.478.260,7.173.913.043.478.260,13.204.347.826.086.900,10.012.727.272.727.200
2016-09-03,30.894.736.842.105.200,6.268.421.052.631.570,13.263.157.894.736.800,10.011.578.947.368.400
2016-09-04,31.692.307.692.307.600,5.930.769.230.769.230,1.112.307.692.307.690,10.029.230.769.230.700
2016-09-05,31.076.923.076.923.000,6.030.769.230.769.230,13.961.538.461.538.400,10.032.307.692.307.600
2016-09-06,30.375,55.0,13.437.499.999.999.900,1003.75
2016-09-07,31.1,57.7,9.1,10.034.545.454.545.400
2016-09-08,31.916.666.666.666.600,58.0,10.808.333.333.333.300,10.051.666.666.666.600
2016-09-09,30.555.555.555.555.500,56.666.666.666.666.600,1.152.222.222.222.220,10.043.333.333.333.300
2016-09-10,3.123.076.923.076.920,5.823.076.923.076.920,11.969.230.769.230.700,10.052.307.692.307.600
2016-09-11,31.0,56.4,8.15,1003.8
2016-09-12,31.642.857.142.857.100,55.5,10.85,10.050.714.285.714.200
2016-09-13,3.253.333.333.333.330,5.706.666.666.666.660,8.526.666.666.666.660,1006.4
2016-09-14,30.857.142.857.142.800,7.035.714.285.714.280,4.235.714.285.714.280,10.069.285.714.285.700
2016-09-15,31.727.272.727.272.700,5.963.636.363.636.360,11.9,1004.75
2016-09-16,31.4,58.0,35.200.000.000.000.000,1004.4
2016-09-17,3.230.769.230.769.230,58.0,2.707.692.307.692.300,10.031.538.461.538.400
2016-09-18,32.25,58.833.333.333.333.300,17.908.333.333.333.300,1005.0
2016-09-19,32.375,59.458.333.333.333.300,2.0875,10.047.083.333.333.300
2016-09-20,3.344.444.444.444.440,54.074.074.074.074.000,256.923.076.923.077,10.035.185.185.185.100
2016-09-21,33.36,58.96,60.920.000.000.000.000,1005.4
2016-09-22,30.037.037.037.037.000,6.762.962.962.962.960,8.107.407.407.407.400,10.087.777.777.777.700
2016-09-23,31.0,6.610.714.285.714.280,3.571.428.571.428.570,10.053.214.285.714.200
2016-09-24,31.24,66.48,5.496.153.846.153.840,13.526.153.846.153.800
2016-09-25,31.130.434.782.608.600,6.230.434.782.608.690,31.478.260.869.565.200,10.047.826.086.956.500
2016-09-26,31.48,60.88,2.986.956.521.739.130,1006.76
2016-09-27,3.218.518.518.518.510,5.781.481.481.481.480,17.807.692.307.692.300,10.067.037.037.037.000
2016-09-28,32.44,55.28,25.200.000.000.000.000,1005.28
2016-09-29,3.222.727.272.727.270,6.131.818.181.818.180,39.636.363.636.363.600,10.055.909.090.909.000
2016-09-30,32.214.285.714.285.700,59.357.142.857.142.800,2.582.142.857.142.850,10.055.714.285.714.200
2016-10-01,32.541.666.666.666.600,61.916.666.666.666.600,3.170.833.333.333.330,1007.5
2016-10-02,3.281.481.481.481.480,6.181.481.481.481.480,4.122.222.222.222.220,10.091.111.111.111.100
2016-10-03,3.326.923.076.923.070,5.957.692.307.692.300,3.992.592.592.592.590,10.071.851.851.851.800
2016-10-04,30.555.555.555.555.500,6.981.481.481.481.480,5.770.370.370.370.370,10.053.703.703.703.700
2016-10-05,28.833.333.333.333.300,71.875,33.249.999.999.999.900,1005.25
2016-10-06,30.703.703.703.703.700,6.481.481.481.481.480,32.333.333.333.333.300,10.071.481.481.481.400
2016-10-07,30.96,59.96,15.825.000.000.000.000,1007.2
2016-10-08,30.6,57.96,876.153.846.153.846,10.068.461.538.461.500
2016-10-09,30.92,59.2,3.184.000.000.000.000,1005.96
2016-10-10,2.977.777.777.777.770,51.111.111.111.111.100,4.807.407.407.407.400,10.061.481.481.481.400
2016-10-11,29.666.666.666.666.600,51.148.148.148.148.100,8.922.222.222.222.220,10.065.925.925.925.900
2016-10-12,29.571.428.571.428.500,47.285.714.285.714.200,11.371.428.571.428.500,1006.25
2016-10-13,29.962.962.962.962.900,44.0,13.022.222.222.222.200,10.083.333.333.333.300
2016-10-14,29.75,47.875,8.934.782.608.695.650,1.009.125
2016-10-15,2.774.074.074.074.070,54.148.148.148.148.100,6.662.962.962.962.960,10.105.185.185.185.100
2016-10-16,28.428.571.428.571.400,49.857.142.857.142.800,7.014.285.714.285.710,10.118.571.428.571.400
2016-10-17,28.6,49.24,71.160.000.000.000.000,1010.56
2016-10-18,28.5,48.458.333.333.333.300,7.668.181.818.181.810,10.094.583.333.333.300
2016-10-19,28.925.925.925.925.900,4.918.518.518.518.510,6.459.259.259.259.250,10.085.555.555.555.500
2016-10-20,29.076.923.076.923.000,4.773.076.923.076.920,9.123.999.999.999.990,10.075.384.615.384.600
2016-10-21,2.840.909.090.909.090,5.040.909.090.909.090,10.695.454.545.454.500,10.087.272.727.272.700
2016-10-22,29.333.333.333.333.300,4.948.148.148.148.140,13.323.076.923.076.900,10.093.703.703.703.700
2016-10-23,27.5,5.496.153.846.153.840,11.546.153.846.153.800,10.093.076.923.076.900
2016-10-24,28.5,5.142.307.692.307.690,11.188.461.538.461.500,10.082.692.307.692.300
2016-10-25,28.04,54.56,12.388.461.538.461.500,10.089.230.769.230.700
2016-10-26,27.576.923.076.923.000,5.619.230.769.230.760,5.699.999.999.999.990,10.117.307.692.307.600
2016-10-27,26.555.555.555.555.500,59.370.370.370.370.300,6.044.444.444.444.440,10.146.296.296.296.200
2016-10-28,2.551.851.851.851.850,5.877.777.777.777.770,7.277.777.777.777.770,10.124.074.074.074.000
2016-10-29,25.814.814.814.814.800,6.277.777.777.777.770,17.148.148.148.148.100,1013.0
2016-10-30,2.482.608.695.652.170,7.104.347.826.086.950,20.130.434.782.608.600,10.146.086.956.521.700
2016-10-31,2.453.846.153.846.150,668.076.923.076.923,16.423.076.923.076.900,10.178.076.923.076.900
2016-11-01,24.384.615.384.615.300,5.873.076.923.076.920,27.153.846.153.846.100,10.163.846.153.846.100
2016-11-02,23.727.272.727.272.700,659.090.909.090.909,14.318.181.818.181.800,10.165.909.090.909.000
2016-11-03,25.64,59.76,22.320.000.000.000.000,1016.24
2016-11-04,24.814.814.814.814.800,582.962.962.962.963,4.122.222.222.222.220,10.126.296.296.296.200
2016-11-05,23.115.384.615.384.600,6.657.692.307.692.300,5.784.615.384.615.380,10.103.461.538.461.500
2016-11-06,22.925.925.925.925.900,63.851.851.851.851.800,2.411.111.111.111.110,10.115.185.185.185.100
2016-11-07,24.545.454.545.454.500,5.131.818.181.818.180,8.172.727.272.727.270,10.127.727.272.727.200
2016-11-08,2.373.076.923.076.920,5.226.923.076.923.070,12.750.000.000.000.000,1013.64
2016-11-09,23.0,497.037.037.037.037,7.074.074.074.074.070,10.146.666.666.666.600
2016-11-10,2.351.851.851.851.850,50.148.148.148.148.100,3.225.925.925.925.920,10.138.148.148.148.100
2016-11-11,23.92,54.04,2.968,1014.08
2016-11-12,2.353.846.153.846.150,5.803.846.153.846.150,27.846.153.846.153.800,10.151.538.461.538.400
2016-11-13,24.296.296.296.296.200,5.581.481.481.481.480,43.999.999.999.999.900,10.165.185.185.185.100
2016-11-14,23.346.153.846.153.800,6.073.076.923.076.920,14.961.538.461.538.400,10.157.307.692.307.600
2016-11-15,22.24,55.72,4.087.999.999.999.990,1016.24
2016-11-16,2.176.923.076.923.070,5.323.076.923.076.920,7.138.461.538.461.530,10.175.384.615.384.600
2016-11-17,2.173.076.923.076.920,5.173.076.923.076.920,11.549.999.999.999.900,13.502.962.962.962.900
2016-11-18,2.173.076.923.076.920,5.361.538.461.538.460,77.799.999.999.999.900,10.146.923.076.923.000
2016-11-19,20.666.666.666.666.600,60.666.666.666.666.600,28.400.000.000.000.000,10.124.666.666.666.600
2016-11-20,22.25,59.9,25.050.000.000.000.000,1013.35
2016-11-21,2.153.846.153.846.150,6.046.153.846.153.840,27.153.846.153.846.100,1013.0
2016-11-22,2.257.894.736.842.100,501.578.947.368.421,7.999.999.999.999.990,10.128.947.368.421.000
2016-11-23,2.282.608.695.652.170,5.143.478.260.869.560,6.604.347.826.086.950,10.131.739.130.434.700
2016-11-24,2.142.105.263.157.890,51.473.684.210.526.300,8.289.473.684.210.520,10.149.473.684.210.500
2016-11-25,23.6,30.55,15.085.000.000.000.000,1012.95
2016-11-26,24.294.117.647.058.800,3.264.705.882.352.940,14.494.117.647.058.800,1013.25
2016-11-27,23.636.363.636.363.600,3.363.636.363.636.360,1.245.909.090.909.090,10.135.909.090.909.000
2016-11-28,22.454.545.454.545.400,3.731.818.181.818.180,9.185.714.285.714.280,12.045.454.545.454.500
2016-11-29,2.161.111.111.111.110,5.372.222.222.222.220,1.238.888.888.888.880,1015.0
2016-11-30,19.869.565.217.391.300,8.008.695.652.173.910,4.269.565.217.391.300,10.166.086.956.521.700
2016-12-01,19.75,84.0,2.704.166.666.666.660,1.016.875
2016-12-02,19.208.333.333.333.300,75.875,4.945.833.333.333.330,1017.75
2016-12-03,21.208.333.333.333.300,52.166.666.666.666.600,5.866.666.666.666.660,10.193.333.333.333.300
2016-12-04,18.9,55.25,5.666.666.666.666.660,1019.7
2016-12-05,18.636.363.636.363.600,5.659.090.909.090.900,49.523.809.523.809.500,10.170.454.545.454.500
2016-12-06,1.853.846.153.846.150,6.992.307.692.307.690,25.038.461.538.461.500,10.179.615.384.615.300
2016-12-07,18.25,74.35,925,1.017.421.052.631.570
2016-12-08,16.9,73.3,17.650.000.000.000.000,1016.2
2016-12-09,19.416.666.666.666.600,68.125,1.3125,10.134.166.666.666.600
2016-12-10,16.444.444.444.444.400,8.283.333.333.333.330,5.355.555.555.555.550,1014.0
2016-12-11,20.041.666.666.666.600,6.958.333.333.333.330,4.716.666.666.666.660,10.132.916.666.666.600
2016-12-12,1.990.909.090.909.090,6.386.363.636.363.630,32.818.181.818.181.800,10.141.818.181.818.100
2016-12-13,19.05,62.35,34.300.000.000.000.000,1015.1
2016-12-14,18.555.555.555.555.500,58.611.111.111.111.100,8.027.777.777.777.770,10.173.333.333.333.300
2016-12-15,18.166.666.666.666.600,56.625,9.879.166.666.666.660,10.166.666.666.666.600
2016-12-16,15.833.333.333.333.300,6.327.777.777.777.770,39.166.666.666.666.600,10.187.777.777.777.700
2016-12-17,17.5,63.388.888.888.888.800,6.731.578.947.368.420,10.169.473.684.210.500
2016-12-18,16.083.333.333.333.300,6.454.166.666.666.660,6.420.833.333.333.330,10.180.833.333.333.300
2016-12-19,17.857.142.857.142.800,56.095.238.095.238.000,10.414.285.714.285.700,10.174.285.714.285.700
2016-12-20,19.8,4.853.333.333.333.330,15.926.666.666.666.600,1015.2
2016-12-21,18.05,54.3,1.940.476.190.476.190,10.156.190.476.190.400
2016-12-22,17.285.714.285.714.200,57.857.142.857.142.800,61.809.523.809.523.700,10.161.428.571.428.500
2016-12-23,15.55,74.7,1.205,1014.25
2016-12-24,17.318.181.818.181.800,7.863.636.363.636.360,5.236.363.636.363.630,10.113.181.818.181.800
2016-12-25,14.0,94.3,9.084.999.999.999.990,1014.35
2016-12-26,17.142.857.142.857.100,7.485.714.285.714.280,8.784.210.526.315.780,1.016.952.380.952.380
2016-12-27,16.85,67.55,8.335,1017.2
2016-12-28,17.217.391.304.347.800,6.804.347.826.086.950,3.547.826.086.956.520,10.155.652.173.913.000
2016-12-29,15.238.095.238.095.200,8.785.714.285.714.280,6.0,10.169.047.619.047.600
2016-12-30,14.095.238.095.238.000,8.966.666.666.666.660,6.266.666.666.666.660,10.179.047.619.047.600
2016-12-31,15.052.631.578.947.300,87.0,7.325,1016.1
2017-01-01,10.0,100.0,0.0,1016.0